protein_name,doi,switch_type,excitation_nm,emission_nm,brightness,qy,source,reason,uniprot_id
11,,b,502.0,512.0,,,fpbase_csv_deep,missing_doi,
AcGFP1,,b,475.0,505.0,27.5,0.55,fpbase_csv_deep,missing_doi,
&alpha;GFP,,b,397.0,506.0,23.7,0.79,fpbase_csv_deep,missing_doi,
amCyan1,,b,453.0,486.0,,,fpbase_csv_deep,missing_doi,
amilCP-Pink,,b,,,,,fpbase_csv_deep,missing_doi,
amilFP484,,b,420.0,484.0,,,fpbase_csv_deep,missing_doi,
amilFP490,,b,424.0,490.0,26.55,0.9,fpbase_csv_deep,missing_doi,
amilFP497,,b,477.0,497.0,,,fpbase_csv_deep,missing_doi,
amilFP504,,b,488.0,504.0,,,fpbase_csv_deep,missing_doi,
amilFP512,,b,500.0,512.0,,,fpbase_csv_deep,missing_doi,
amilFP513,,b,504.0,513.0,50.38,0.67,fpbase_csv_deep,missing_doi,
amilFP593,,b,562.0,593.0,44.54,0.49,fpbase_csv_deep,missing_doi,
amilFP597,,b,558.0,597.0,,,fpbase_csv_deep,missing_doi,
amilGFP,,b,503.0,512.0,50.38,0.67,fpbase_csv_deep,missing_doi,
anm1GFP1,,b,475.0,495.0,48.75,0.65,fpbase_csv_deep,missing_doi,
anm1GFP2,,b,490.0,504.0,,,fpbase_csv_deep,missing_doi,
anm2CP,,b,572.0,597.0,0.12,0.001,fpbase_csv_deep,missing_doi,
anobCFP1,,b,462.0,490.0,23.74,0.86,fpbase_csv_deep,missing_doi,
anobCFP2,,b,477.0,495.0,32.93,0.49,fpbase_csv_deep,missing_doi,
anobGFP,,b,502.0,511.0,57.72,0.6,fpbase_csv_deep,missing_doi,
apolCP584,,b,584.0,,,,fpbase_csv_deep,missing_doi,
apulFP483,,b,420.0,483.0,,,fpbase_csv_deep,missing_doi,
AQ14,,b,595.0,663.0,,,fpbase_csv_deep,missing_doi,
AQ143,,b,595.0,655.0,3.6,0.04,fpbase_csv_deep,missing_doi,
Aquamarine,,b,430.0,474.0,23.14,0.89,fpbase_csv_deep,missing_doi,
asCP562,,b,562.0,595.0,,,fpbase_csv_deep,missing_doi,
asFP499,,b,480.0,499.0,,,fpbase_csv_deep,missing_doi,
AsRed2,,b,576.0,592.0,2.81,0.05,fpbase_csv_deep,missing_doi,
asulCP,,b,572.0,595.0,0.12,0.001,fpbase_csv_deep,missing_doi,
atenFP,,b,504.0,515.0,,,fpbase_csv_deep,missing_doi,
avalCP580,,b,580.0,,,,fpbase_csv_deep,missing_doi,
avGFP,,mp,395.0,509.0,19.75,0.79,fpbase_csv_deep,missing_doi,
avGFP454,,b,410.0,454.0,,,fpbase_csv_deep,missing_doi,
avGFP480,,b,456.0,480.0,,,fpbase_csv_deep,missing_doi,
avGFP509,,b,487.0,509.0,,,fpbase_csv_deep,missing_doi,
avGFP510,,b,488.0,510.0,,,fpbase_csv_deep,missing_doi,
avGFP514,,b,484.0,514.0,,,fpbase_csv_deep,missing_doi,
avGFP523,,b,512.0,523.0,,,fpbase_csv_deep,missing_doi,
AvicFP1,,b,481.0,503.0,40.32,0.63,fpbase_csv_deep,missing_doi,
AvicFP2,,b,480.0,515.0,2.36,0.04,fpbase_csv_deep,missing_doi,
AvicFP3,,b,480.0,520.0,,0.001,fpbase_csv_deep,missing_doi,
AvicFP4,,b,500.0,512.0,12.1,0.1,fpbase_csv_deep,missing_doi,
AzaleaB5,,b,574.0,596.0,60.32,0.58,fpbase_csv_deep,missing_doi,
AzamiGreen,,b,492.0,505.0,48.44,0.67,fpbase_csv_deep,missing_doi,
AzamiRed1.0,,b,571.0,606.0,22.16,0.65,fpbase_csv_deep,missing_doi,
Azurite,,b,383.0,447.0,14.41,0.55,fpbase_csv_deep,missing_doi,
BDFP1.6,,b,642.0,666.0,19.7,0.197,fpbase_csv_deep,missing_doi,
BDFP1.8,,b,678.0,702.0,4.7,0.061,fpbase_csv_deep,missing_doi,
BDFP2.0,,b,587.0,666.0,,,fpbase_csv_deep,missing_doi,
bfloGFPa1,,b,500.0,512.0,120.9,1.0,fpbase_csv_deep,missing_doi,
bfloGFPc1,,b,493.0,521.0,0.15,0.0015,fpbase_csv_deep,missing_doi,
BFP,,b,381.0,445.0,5.32,0.38,fpbase_csv_deep,missing_doi,
BFP5,,b,385.0,450.0,,,fpbase_csv_deep,missing_doi,
BFP.A5,,b,383.0,447.0,13.15,0.48,fpbase_csv_deep,missing_doi,
Blue102,,t,403.0,454.0,10.26,0.9,fpbase_csv_deep,missing_doi,
Bluebonnet2,,b,399.0,454.0,,,fpbase_csv_deep,missing_doi,
Bovine serum albumin,,b,,,,,fpbase_csv_deep,missing_doi,
BP02,,b,342.0,382.0,0.51,0.1139,fpbase_csv_deep,missing_doi,
BR1,,b,450.0,495.0,5.62,0.45,fpbase_csv_deep,missing_doi,
BrUSLEE,,b,487.0,509.0,25.8,0.3,fpbase_csv_deep,missing_doi,
bsDronpa,,ps,460.0,504.0,22.5,0.5,fpbase_csv_deep,missing_doi,
C3PA-GFP,,pa,,,,,fpbase_csv_deep,missing_doi,
CagFbFP,,b,447.0,497.0,5.51,0.36,fpbase_csv_deep,missing_doi,
CAR-GECO1,,b,576.0,629.0,0.61,0.17,fpbase_csv_deep,missing_doi,
ccalGFP1,,b,504.0,517.0,35.88,0.46,fpbase_csv_deep,missing_doi,
ccalGFP3,,b,505.0,517.0,69.12,0.48,fpbase_csv_deep,missing_doi,
ccalOFP1,,b,508.0,561.0,44.2,0.52,fpbase_csv_deep,missing_doi,
ccalRFP1,,b,568.0,598.0,54.28,0.59,fpbase_csv_deep,missing_doi,
ccalRFP2,,b,558.0,516.0,3.05,0.05,fpbase_csv_deep,missing_doi,
ccalYFP1,,b,514.0,523.0,106.5,0.75,fpbase_csv_deep,missing_doi,
ccGFP E6,,b,501.0,520.0,,,fpbase_csv_deep,missing_doi,
cEGFP,,b,489.0,507.0,,,fpbase_csv_deep,missing_doi,
cerFP505,,b,494.0,505.0,29.7,0.55,fpbase_csv_deep,missing_doi,
Cerulean,,b,433.0,475.0,26.66,0.62,fpbase_csv_deep,missing_doi,
CFP,,b,456.0,480.0,,,fpbase_csv_deep,missing_doi,
cFP484,,b,456.0,484.0,16.94,0.48,fpbase_csv_deep,missing_doi,
cfSGFP2,,b,493.0,517.0,33.75,0.75,fpbase_csv_deep,missing_doi,
cgfmKate2,,b,584.0,628.0,25.85,0.47,fpbase_csv_deep,missing_doi,
CGFP,,b,463.0,506.0,3.35,0.14,fpbase_csv_deep,missing_doi,
cgfTagRFP,,b,555.0,584.0,36.12,0.42,fpbase_csv_deep,missing_doi,
cgigGFP,,b,399.0,496.0,,,fpbase_csv_deep,missing_doi,
CGP,,b,503.0,514.0,,0.55,fpbase_csv_deep,missing_doi,
Channelrhodopsin2,,pa,485.0,1000.0,,,fpbase_csv_deep,missing_doi,
CheGFP1,,b,488.0,500.0,,,fpbase_csv_deep,missing_doi,
CheGFP2,,b,488.0,508.0,,,fpbase_csv_deep,missing_doi,
CheGFP4,,b,488.0,500.0,,,fpbase_csv_deep,missing_doi,
ChrimsonR,,b,600.0,,,,fpbase_csv_deep,missing_doi,
Chronos,,b,,,,,fpbase_csv_deep,missing_doi,
Citrine2,,b,509.0,522.0,68.6,0.7,fpbase_csv_deep,missing_doi,
cjBlue,,b,610.0,620.0,0.01,0.0001,fpbase_csv_deep,missing_doi,
cjBlue2,,b,603.0,,0.01,0.0001,fpbase_csv_deep,missing_doi,
cjFP510,,b,500.0,510.0,,,fpbase_csv_deep,missing_doi,
Clomeleon,,b,485.0,535.0,,,fpbase_csv_deep,missing_doi,
cpCitrine,,b,506.0,524.0,2.0,0.1,fpbase_csv_deep,missing_doi,
cpEYFP(V68L/Q69K),,b,506.0,520.0,,,fpbase_csv_deep,missing_doi,
cp-mKate,,b,588.0,620.0,,0.33,fpbase_csv_deep,missing_doi,
cpT-Sapphire 174-173,,b,399.0,511.0,23.32,0.53,fpbase_csv_deep,missing_doi,
CpYGFP,,b,508.0,518.0,53.53,0.53,fpbase_csv_deep,missing_doi,
CreiLOV,,b,450.0,495.0,6.38,0.51,fpbase_csv_deep,missing_doi,
Crimson,,b,588.0,617.0,32.34,0.42,fpbase_csv_deep,missing_doi,
CRISPRed2s,,b,464.0,590.0,10.96,0.382,fpbase_csv_deep,missing_doi,
CU17S,,b,496.0,505.0,,,fpbase_csv_deep,missing_doi,
Cy11.5,,b,,,,,fpbase_csv_deep,missing_doi,
CyOFP1,,b,497.0,589.0,30.4,0.76,fpbase_csv_deep,missing_doi,
CyPet,,b,435.0,477.0,17.85,0.51,fpbase_csv_deep,missing_doi,
CyRFP1,,b,529.0,588.0,36.48,0.76,fpbase_csv_deep,missing_doi,
D10,,b,433.0,475.0,20.24,0.46,fpbase_csv_deep,missing_doi,
d1EosFP,,pc,505.0,516.0,50.86,0.68,fpbase_csv_deep,missing_doi,
d2EosFP,,pc,506.0,516.0,55.44,0.66,fpbase_csv_deep,missing_doi,
DarkVenus,,b,515.0,525.0,3.72,0.05,fpbase_csv_deep,missing_doi,
dCyOFP2s,,b,510.0,592.0,24.84,0.69,fpbase_csv_deep,missing_doi,
dCyRFP2s,,b,516.0,592.0,24.36,0.58,fpbase_csv_deep,missing_doi,
deGFP1,,b,504.0,516.0,4.59,0.16,fpbase_csv_deep,missing_doi,
deGFP2,,b,496.0,517.0,7.38,0.34,fpbase_csv_deep,missing_doi,
deGFP3,,b,508.0,518.0,5.07,0.19,fpbase_csv_deep,missing_doi,
deGFP4,,b,509.0,518.0,4.04,0.15,fpbase_csv_deep,missing_doi,
dendFP,,pc,492.0,508.0,58.5,0.65,fpbase_csv_deep,missing_doi,
Dendra,,pc,488.0,505.0,14.7,0.7,fpbase_csv_deep,missing_doi,
Dendra2,,pc,490.0,507.0,22.5,0.5,fpbase_csv_deep,missing_doi,
Dendra2-M159A,,mp,,,,,fpbase_csv_deep,missing_doi,
Dendra2-T69A,,pc,502.0,518.0,23.8,0.56,fpbase_csv_deep,missing_doi,
dfGFP,,b,505.0,524.0,,,fpbase_csv_deep,missing_doi,
dimer1,,b,551.0,579.0,,,fpbase_csv_deep,missing_doi,
dimer2,,b,552.0,579.0,47.61,0.69,fpbase_csv_deep,missing_doi,
DimVenus,,b,508.0,525.0,1.66,0.03,fpbase_csv_deep,missing_doi,
Diogenes,,b,579.0,603.0,39.6,0.44,fpbase_csv_deep,missing_doi,
dis2RFP,,b,573.0,593.0,,,fpbase_csv_deep,missing_doi,
dis3GFP,,b,503.0,512.0,,,fpbase_csv_deep,missing_doi,
dKeima,,b,440.0,616.0,7.63,0.31,fpbase_csv_deep,missing_doi,
dKeima570,,b,440.0,570.0,2.1,0.15,fpbase_csv_deep,missing_doi,
dLanYFP,,b,513.0,524.0,112.5,0.9,fpbase_csv_deep,missing_doi,
DrCBD,,b,416.0,622.0,,,fpbase_csv_deep,missing_doi,
Dreiklang,,ps,511.0,529.0,34.03,0.41,fpbase_csv_deep,missing_doi,
d-RFP618,,b,560.0,618.0,,0.35,fpbase_csv_deep,missing_doi,
Dronpa,,ps,,,,,fpbase_csv_deep,missing_doi,
Dronpa-2,,ps,490.0,515.0,20.37,0.33,fpbase_csv_deep,missing_doi,
Dronpa-3,,ps,490.0,515.0,19.14,0.33,fpbase_csv_deep,missing_doi,
dsFP483,,b,443.0,483.0,10.99,0.46,fpbase_csv_deep,missing_doi,
DspR1,,b,556.0,582.0,,,fpbase_csv_deep,missing_doi,
DsRed,,b,558.0,583.0,49.3,0.68,fpbase_csv_deep,missing_doi,
DsRed-Express,,b,554.0,586.0,12.64,0.42,fpbase_csv_deep,missing_doi,
DsRed-Express2,,b,554.0,591.0,14.95,0.42,fpbase_csv_deep,missing_doi,
DsRed.M1,,b,558.0,587.0,3.82,0.14,fpbase_csv_deep,missing_doi,
DsRed-Max,,b,560.0,589.0,19.68,0.41,fpbase_csv_deep,missing_doi,
DsRed-NF,,b,561.0,600.0,0.06,0.001,fpbase_csv_deep,missing_doi,
DsRed.T3,,b,560.0,587.0,29.2,0.59,fpbase_csv_deep,missing_doi,
DsRed.T4,,b,555.0,586.0,13.33,0.44,fpbase_csv_deep,missing_doi,
DstC1,,b,436.0,482.0,,,fpbase_csv_deep,missing_doi,
dTFP0.1,,b,456.0,485.0,26.46,0.63,fpbase_csv_deep,missing_doi,
dTFP0.2,,b,456.0,486.0,40.8,0.68,fpbase_csv_deep,missing_doi,
dTomato,,b,554.0,581.0,47.61,0.69,fpbase_csv_deep,missing_doi,
dUltramarine2,,b,587.0,,0.01,0.0001,fpbase_csv_deep,missing_doi,
dVFP,,b,491.0,503.0,107.0,1.0,fpbase_csv_deep,missing_doi,
DyLight549P1,,b,550.0,575.0,0.01,0.091,fpbase_csv_deep,missing_doi,
E2-Crimson,,b,611.0,646.0,28.98,0.23,fpbase_csv_deep,missing_doi,
E2-Crimson-NF,,b,583.0,,,,fpbase_csv_deep,missing_doi,
E2-Orange,,b,540.0,561.0,19.71,0.54,fpbase_csv_deep,missing_doi,
E2-Red/Green,,b,560.0,585.0,36.05,0.67,fpbase_csv_deep,missing_doi,
EaGFP,,b,506.0,514.0,,,fpbase_csv_deep,missing_doi,
EBFP,,b,380.0,440.0,6.3,0.2,fpbase_csv_deep,missing_doi,
EBFP1.2,,b,379.0,446.0,18.45,0.45,fpbase_csv_deep,missing_doi,
EBFP1.5,,b,381.0,449.0,22.79,0.53,fpbase_csv_deep,missing_doi,
EBFP2,,b,383.0,448.0,17.92,0.56,fpbase_csv_deep,missing_doi,
ECFP H148D,,b,433.0,475.0,2.18,0.68,fpbase_csv_deep,missing_doi,
ECGFP,,b,463.0,506.0,3.35,0.14,fpbase_csv_deep,missing_doi,
eCGP123,,b,495.0,505.0,47.92,0.8,fpbase_csv_deep,missing_doi,
eechGFP1,,b,497.0,510.0,93.15,0.75,fpbase_csv_deep,missing_doi,
eechGFP2,,b,506.0,520.0,75.76,0.69,fpbase_csv_deep,missing_doi,
eechGFP3,,b,512.0,524.0,54.27,0.45,fpbase_csv_deep,missing_doi,
eechRFP,,b,574.0,582.0,5.2,0.43,fpbase_csv_deep,missing_doi,
efasCFP,,b,466.0,490.0,31.06,0.77,fpbase_csv_deep,missing_doi,
efasGFP,,b,496.0,507.0,100.64,0.8,fpbase_csv_deep,missing_doi,
eforCP,,b,589.0,609.0,17.81,0.16,fpbase_csv_deep,missing_doi,
eGFP203C,,b,498.0,509.0,,,fpbase_csv_deep,missing_doi,
eGFP205C,,b,489.0,509.0,,,fpbase_csv_deep,missing_doi,
Electra1,,b,402.0,454.0,51.62,0.74,fpbase_csv_deep,missing_doi,
Electra2,,b,403.0,454.0,61.48,0.76,fpbase_csv_deep,missing_doi,
Emerald,,b,487.0,509.0,39.1,0.68,fpbase_csv_deep,missing_doi,
emiRFP670,,b,642.0,670.0,12.24,0.14,fpbase_csv_deep,missing_doi,
emiRFP703,,b,674.0,703.0,7.82,0.086,fpbase_csv_deep,missing_doi,
Enhanced Cyan-Emitting GFP,,b,458.0,485.0,,,fpbase_csv_deep,missing_doi,
EosFP,,pc,506.0,516.0,50.4,0.7,fpbase_csv_deep,missing_doi,
eqFP578,,b,552.0,578.0,55.08,0.54,fpbase_csv_deep,missing_doi,
eqFP611,,b,559.0,611.0,35.1,0.45,fpbase_csv_deep,missing_doi,
eqFP611 V124T,,b,559.0,611.0,31.08,0.42,fpbase_csv_deep,missing_doi,
eqFP670,,b,605.0,670.0,4.2,0.06,fpbase_csv_deep,missing_doi,
esGFP,,b,,,,,fpbase_csv_deep,missing_doi,
eUnaG,,b,,,,,fpbase_csv_deep,missing_doi,
EYFP,,b,513.0,527.0,44.89,0.67,fpbase_csv_deep,missing_doi,
EYFP-Q69K,,b,514.0,526.0,54.72,0.76,fpbase_csv_deep,missing_doi,
eYGFP,,b,507.0,516.0,71.92,0.58,fpbase_csv_deep,missing_doi,
eYGFPuv,,b,398.0,512.0,23.71,0.76,fpbase_csv_deep,missing_doi,
eYGPdp,,b,501.0,513.0,34.36,0.69,fpbase_csv_deep,missing_doi,
fabdGFP,,b,508.0,520.0,63.07,0.54,fpbase_csv_deep,missing_doi,
Fast-FT,,t,,,,,fpbase_csv_deep,missing_doi,
"FAST + HBR 3,5 DM",,b,500.0,560.0,20.14,0.38,fpbase_csv_deep,missing_doi,
ffDronpa,,ps,,,,,fpbase_csv_deep,missing_doi,
FOLD6,,b,505.0,515.0,86.29,0.73,fpbase_csv_deep,missing_doi,
Folding Reporter GFP,,b,490.0,530.0,59.33,0.72,fpbase_csv_deep,missing_doi,
FP586,,b,559.0,586.0,,,fpbase_csv_deep,missing_doi,
Fpcondchrom,,b,,,,,fpbase_csv_deep,missing_doi,
FPrfl2.3,,b,506.0,512.0,,,fpbase_csv_deep,missing_doi,
FR-1,,b,569.0,594.0,28.87,0.34,fpbase_csv_deep,missing_doi,
Free Use GFP,,b,395.0,503.0,,,fpbase_csv_deep,missing_doi,
frFAST,,b,555.0,670.0,9.45,0.21,fpbase_csv_deep,missing_doi,
frSkylan-S,,ps,499.0,513.0,76.32,0.8,fpbase_csv_deep,missing_doi,
FusionRed-M,,b,571.0,594.0,24.17,0.34,fpbase_csv_deep,missing_doi,
FusionRed-MQV,,b,566.0,585.0,76.32,0.53,fpbase_csv_deep,missing_doi,
fwYellow,,b,520.0,540.0,,,fpbase_csv_deep,missing_doi,
G1,,b,487.0,503.0,15.6,0.6,fpbase_csv_deep,missing_doi,
G2,,b,487.0,503.0,25.35,0.65,fpbase_csv_deep,missing_doi,
G3,,b,498.0,515.0,34.3,0.7,fpbase_csv_deep,missing_doi,
G3GFP,,b,520.0,650.0,,,fpbase_csv_deep,missing_doi,
Gamillus,,ps,504.0,519.0,74.7,0.9,fpbase_csv_deep,missing_doi,
Gamillus0.1,,b,505.0,524.0,16.8,0.84,fpbase_csv_deep,missing_doi,
Gamillus0.2,,b,505.0,524.0,51.7,0.94,fpbase_csv_deep,missing_doi,
Gamillus0.3,,b,505.0,524.0,44.88,0.88,fpbase_csv_deep,missing_doi,
Gamillus0.4,,b,505.0,524.0,66.75,0.89,fpbase_csv_deep,missing_doi,
GCaMP2,,b,487.0,508.0,,,fpbase_csv_deep,missing_doi,
GdT,,b,476.0,500.0,8.26,0.14,fpbase_csv_deep,missing_doi,
gfasGFP,,b,492.0,506.0,74.83,0.73,fpbase_csv_deep,missing_doi,
GFP-151pyTyrCu,,b,375.0,510.0,,,fpbase_csv_deep,missing_doi,
GFP(E222G),,b,481.0,506.0,,,fpbase_csv_deep,missing_doi,
GFPmut2,,b,485.0,508.0,39.35,0.73,fpbase_csv_deep,missing_doi,
GFPmut3,,b,506.0,513.0,22.69,0.39,fpbase_csv_deep,missing_doi,
GFP (S65T),,b,490.0,510.0,35.2,0.64,fpbase_csv_deep,missing_doi,
GFP-Tyr151pyz,,b,397.0,508.0,,,fpbase_csv_deep,missing_doi,
GFPxm16,,b,485.0,504.0,,0.74,fpbase_csv_deep,missing_doi,
GFPxm161,,b,500.0,510.0,,,fpbase_csv_deep,missing_doi,
GFPxm162,,b,514.0,525.0,,,fpbase_csv_deep,missing_doi,
GFPxm163,,b,512.0,523.0,,1.0,fpbase_csv_deep,missing_doi,
GFPxm18,,b,472.0,502.0,,0.96,fpbase_csv_deep,missing_doi,
GFPxm181uv,,b,398.0,514.0,,,fpbase_csv_deep,missing_doi,
GFPxm18uv,,b,400.0,513.0,,,fpbase_csv_deep,missing_doi,
GFPxm19,,b,475.0,502.0,,0.7,fpbase_csv_deep,missing_doi,
GFPxm191uv,,b,498.0,510.0,,,fpbase_csv_deep,missing_doi,
GFPxm19uv,,b,393.0,505.0,,,fpbase_csv_deep,missing_doi,
GGvT,,b,476.0,500.0,12.74,0.14,fpbase_csv_deep,missing_doi,
GRvT,,b,557.0,583.0,68.87,0.97,fpbase_csv_deep,missing_doi,
GZnP3,,b,488.0,512.0,0.45,0.112,fpbase_csv_deep,missing_doi,
h2-3,,b,506.0,516.0,115.7,0.89,fpbase_csv_deep,missing_doi,
H9,,b,399.0,511.0,12.0,0.6,fpbase_csv_deep,missing_doi,
HcRed,,b,592.0,645.0,0.3,0.015,fpbase_csv_deep,missing_doi,
HcRed1-Blue,,b,408.0,455.0,,,fpbase_csv_deep,missing_doi,
HcRed7,,b,592.0,645.0,6.0,0.08,fpbase_csv_deep,missing_doi,
HcRed-Tandem,,b,590.0,637.0,6.4,0.04,fpbase_csv_deep,missing_doi,
hcriGFP,,b,405.0,500.0,,,fpbase_csv_deep,missing_doi,
hmGFP,,b,490.0,510.0,,,fpbase_csv_deep,missing_doi,
hmKeima8.5,,b,438.0,612.0,10.88,0.34,fpbase_csv_deep,missing_doi,
HriCFP,,b,450.0,495.0,,,fpbase_csv_deep,missing_doi,
HriGFP,,b,507.0,527.0,,,fpbase_csv_deep,missing_doi,
htFuncLib_acid.1,,b,486.0,508.0,,0.71,fpbase_csv_deep,missing_doi,
htFuncLib_acid.2,,b,489.0,509.0,,0.76,fpbase_csv_deep,missing_doi,
htFuncLib_acid.3,,b,472.0,502.0,,0.71,fpbase_csv_deep,missing_doi,
htFuncLib_acid.4,,b,490.0,511.0,,0.45,fpbase_csv_deep,missing_doi,
htFuncLib_acid.5,,b,485.0,508.0,,0.56,fpbase_csv_deep,missing_doi,
htFuncLib_acid.6,,b,489.0,509.0,,0.38,fpbase_csv_deep,missing_doi,
htFuncLib_basic.1,,b,467.0,507.0,,0.0,fpbase_csv_deep,missing_doi,
htFuncLib_basic.2,,b,496.0,512.0,,0.33,fpbase_csv_deep,missing_doi,
htFuncLib_basic.3,,b,476.0,503.0,,0.37,fpbase_csv_deep,missing_doi,
htFuncLib_basic.4,,b,464.0,501.0,,0.26,fpbase_csv_deep,missing_doi,
htFuncLib_basic.6,,b,487.0,506.0,,0.83,fpbase_csv_deep,missing_doi,
htFuncLib_bleach.1,,b,483.0,508.0,,0.54,fpbase_csv_deep,missing_doi,
htFuncLib_bleach.2,,b,471.0,504.0,,0.79,fpbase_csv_deep,missing_doi,
htFuncLib_bleach.3,,b,502.0,514.0,,0.46,fpbase_csv_deep,missing_doi,
htFuncLib_bleach.4,,b,480.0,505.0,,0.4,fpbase_csv_deep,missing_doi,
htFuncLib_bleach.5,,b,474.0,510.0,,0.74,fpbase_csv_deep,missing_doi,
htFuncLib_bleach.6,,b,500.0,513.0,,0.39,fpbase_csv_deep,missing_doi,
htFuncLib_em-blue-shift.1,,b,465.0,502.0,,0.3,fpbase_csv_deep,missing_doi,
htFuncLib_em-blue-shift.2,,b,469.0,503.0,,0.64,fpbase_csv_deep,missing_doi,
htFuncLib_fast.1,,b,465.0,500.0,,0.19,fpbase_csv_deep,missing_doi,
htFuncLib_fast.2,,b,483.0,508.0,,0.3,fpbase_csv_deep,missing_doi,
htFuncLib_fast.3,,b,470.0,503.0,,0.19,fpbase_csv_deep,missing_doi,
htFuncLib_fast.4,,b,477.0,506.0,,0.3,fpbase_csv_deep,missing_doi,
htFuncLib_mid.10,,b,489.0,508.0,,0.45,fpbase_csv_deep,missing_doi,
htFuncLib_mid.11,,b,488.0,509.0,,0.4,fpbase_csv_deep,missing_doi,
htFuncLib_mid.12,,b,470.0,504.0,,0.72,fpbase_csv_deep,missing_doi,
htFuncLib_mid.13,,b,480.0,506.0,,0.37,fpbase_csv_deep,missing_doi,
htFuncLib_mid.2,,b,476.0,510.0,,0.45,fpbase_csv_deep,missing_doi,
htFuncLib_mid.3,,b,501.0,513.0,,0.43,fpbase_csv_deep,missing_doi,
htFuncLib_mid.4,,b,498.0,512.0,,0.51,fpbase_csv_deep,missing_doi,
htFuncLib_mid.5,,b,501.0,513.0,,0.4,fpbase_csv_deep,missing_doi,
htFuncLib_mid.6,,b,501.0,514.0,,0.38,fpbase_csv_deep,missing_doi,
htFuncLib_mid.7,,b,491.0,511.0,,0.58,fpbase_csv_deep,missing_doi,
htFuncLib_mid.8,,b,484.0,508.0,,0.37,fpbase_csv_deep,missing_doi,
htFuncLib_mid.9,,b,493.0,511.0,,0.46,fpbase_csv_deep,missing_doi,
htFuncLib_photostable.1,,b,394.0,505.0,,0.0,fpbase_csv_deep,missing_doi,
htFuncLib_photostable.2,,b,507.0,515.0,,0.22,fpbase_csv_deep,missing_doi,
htFuncLib_sf:acid.3,,b,474.0,504.0,,0.64,fpbase_csv_deep,missing_doi,
htFuncLib_sf:acid.4,,b,490.0,512.0,,0.4,fpbase_csv_deep,missing_doi,
htFuncLib_sf:acid.5,,b,487.0,510.0,,0.47,fpbase_csv_deep,missing_doi,
htFuncLib_sf:bleach.1,,b,488.0,510.0,,0.53,fpbase_csv_deep,missing_doi,
htFuncLib_sf:bleach.2,,b,488.0,508.0,,0.58,fpbase_csv_deep,missing_doi,
htFuncLib_sf:bleach.3,,b,493.0,511.0,,0.44,fpbase_csv_deep,missing_doi,
htFuncLib_sf:em-blue-shift.1,,b,473.0,506.0,,0.42,fpbase_csv_deep,missing_doi,
htFuncLib_sf:em-blue-shift.2,,b,476.0,506.0,,0.7,fpbase_csv_deep,missing_doi,
htFuncLib_sf:fast.3,,b,488.0,509.0,,0.42,fpbase_csv_deep,missing_doi,
htFuncLib_sf:mid.10,,b,488.0,509.0,,0.56,fpbase_csv_deep,missing_doi,
htFuncLib_sf:mid.11,,b,488.0,509.0,,0.45,fpbase_csv_deep,missing_doi,
htFuncLib_sf:mid.12,,b,488.0,508.0,,0.6,fpbase_csv_deep,missing_doi,
htFuncLib_sf:mid.5,,b,498.0,512.0,,0.41,fpbase_csv_deep,missing_doi,
htFuncLib_sf:mid.7,,b,489.0,509.0,,0.53,fpbase_csv_deep,missing_doi,
htFuncLib_sf:mid.9,,b,497.0,511.0,,0.47,fpbase_csv_deep,missing_doi,
htFuncLib_sf:photostable.1,,b,488.0,508.0,,0.52,fpbase_csv_deep,missing_doi,
htFuncLib_sf:photostable.2,,b,496.0,511.0,,0.46,fpbase_csv_deep,missing_doi,
htFuncLib_sf:thermo.2,,b,509.0,516.0,,0.54,fpbase_csv_deep,missing_doi,
htFuncLib_sf:thermo.9,,b,502.0,515.0,,0.49,fpbase_csv_deep,missing_doi,
htFuncLib_slow.1,,b,506.0,522.0,,0.62,fpbase_csv_deep,missing_doi,
htFuncLib_slow.2,,b,483.0,507.0,,0.37,fpbase_csv_deep,missing_doi,
htFuncLib_slow.3,,b,483.0,506.0,,0.44,fpbase_csv_deep,missing_doi,
htFuncLib_slow.4,,b,393.0,509.0,,0.29,fpbase_csv_deep,missing_doi,
htFuncLib_slow.5,,b,492.0,510.0,,0.57,fpbase_csv_deep,missing_doi,
htFuncLib_thermo.1,,b,509.0,523.0,,0.61,fpbase_csv_deep,missing_doi,
htFuncLib_thermo.2,,b,511.0,525.0,,0.58,fpbase_csv_deep,missing_doi,
htFuncLib_thermo.3,,b,508.0,524.0,,0.62,fpbase_csv_deep,missing_doi,
htFuncLib_thermo.4,,b,396.0,507.0,,0.19,fpbase_csv_deep,missing_doi,
htFuncLib_thermo.5,,b,397.0,510.0,,0.66,fpbase_csv_deep,missing_doi,
htFuncLib_thermo.6,,b,398.0,510.0,,0.72,fpbase_csv_deep,missing_doi,
htFuncLib_thermo.8,,b,400.0,510.0,,0.73,fpbase_csv_deep,missing_doi,
htFuncLib_thermo.9,,b,503.0,519.0,,0.44,fpbase_csv_deep,missing_doi,
Hyperfolder YFP,,b,514.0,529.0,71.7,0.6,fpbase_csv_deep,missing_doi,
iFP1.4,,b,684.0,708.0,6.44,0.07,fpbase_csv_deep,missing_doi,
iFP2.0,,b,690.0,711.0,6.88,0.08,fpbase_csv_deep,missing_doi,
iLov,,o,447.0,497.0,,0.44,fpbase_csv_deep,missing_doi,
iq-EBFP2,,b,386.0,446.0,15.62,0.63,fpbase_csv_deep,missing_doi,
iq-mApple,,b,568.0,593.0,12.38,0.36,fpbase_csv_deep,missing_doi,
iq-mCerulean3,,b,433.0,474.0,25.12,0.92,fpbase_csv_deep,missing_doi,
iq-mEmerald,,b,482.0,509.0,33.77,0.67,fpbase_csv_deep,missing_doi,
iq-mKate2,,b,580.0,632.0,3.94,0.34,fpbase_csv_deep,missing_doi,
iq-mVenus,,b,516.0,529.0,55.88,0.63,fpbase_csv_deep,missing_doi,
iRFP682,,b,663.0,682.0,9.9,0.11,fpbase_csv_deep,missing_doi,
iRFP702,,b,673.0,702.0,7.44,0.08,fpbase_csv_deep,missing_doi,
iRFP713,,b,690.0,713.0,6.3,0.06,fpbase_csv_deep,missing_doi,
iRFP713/V256C,,b,662.0,680.0,13.63,0.145,fpbase_csv_deep,missing_doi,
IrisFP,,mp,488.0,516.0,22.45,0.43,fpbase_csv_deep,missing_doi,
IrisFP-M159A,,ps,484.0,513.0,11.3,0.18,fpbase_csv_deep,missing_doi,
jRCaMP1a,,b,573.0,595.0,12.39,0.29,fpbase_csv_deep,missing_doi,
Jred,,b,584.0,610.0,8.8,0.2,fpbase_csv_deep,missing_doi,
jREX-GECO1,,b,577.0,599.0,1.94,0.061,fpbase_csv_deep,missing_doi,
Kaede,,pc,572.0,580.0,19.93,0.33,fpbase_csv_deep,missing_doi,
Katushka2S,,b,588.0,633.0,29.48,0.44,fpbase_csv_deep,missing_doi,
Katushka-9-5,,b,588.0,635.0,,,fpbase_csv_deep,missing_doi,
KCY,,b,455.0,488.0,32.9,0.85,fpbase_csv_deep,missing_doi,
KCY-G4219,,b,453.0,486.0,16.88,0.8,fpbase_csv_deep,missing_doi,
KCY-G4219-38L,,b,464.0,494.0,,,fpbase_csv_deep,missing_doi,
KCY-R1,,b,461.0,492.0,15.9,0.75,fpbase_csv_deep,missing_doi,
KCY-R1-158A,,b,459.0,489.0,,,fpbase_csv_deep,missing_doi,
KCY-R1-38H,,b,459.0,489.0,,,fpbase_csv_deep,missing_doi,
KCY-R1-38L,,b,467.0,496.0,,,fpbase_csv_deep,missing_doi,
KFP1,,pa,580.0,600.0,0.01,0.0001,fpbase_csv_deep,missing_doi,
KikG,,b,507.0,517.0,55.08,0.68,fpbase_csv_deep,missing_doi,
KikGR1,,pc,507.0,517.0,37.59,0.7,fpbase_csv_deep,missing_doi,
KillerOrange,,b,455.0,555.0,17.3,0.42,fpbase_csv_deep,missing_doi,
KillerRed,,b,585.0,610.0,11.25,0.25,fpbase_csv_deep,missing_doi,
KO,,b,548.0,561.0,49.39,0.45,fpbase_csv_deep,missing_doi,
KOFP-7,,b,450.0,496.0,,0.61,fpbase_csv_deep,missing_doi,
Kohinoor,,ps,,,,,fpbase_csv_deep,missing_doi,
Kohinoor2.0,,ps,,,,,fpbase_csv_deep,missing_doi,
laesGFP,,b,491.0,506.0,,,fpbase_csv_deep,missing_doi,
laGFP,,b,502.0,511.0,,,fpbase_csv_deep,missing_doi,
LanFP1,,b,500.0,510.0,30.21,0.57,fpbase_csv_deep,missing_doi,
LanFP2,,b,500.0,516.0,0.21,0.0013,fpbase_csv_deep,missing_doi,
lanRFP-&Delta;S83l,,b,521.0,592.0,7.1,0.1,fpbase_csv_deep,missing_doi,
LanYFP,,b,513.0,524.0,142.5,0.95,fpbase_csv_deep,missing_doi,
laRFP,,b,521.0,592.0,7.1,0.1,fpbase_csv_deep,missing_doi,
Lime,,o,488.0,510.0,34.65,0.77,fpbase_csv_deep,missing_doi,
LSSA12,,b,398.0,511.0,14.71,0.38,fpbase_csv_deep,missing_doi,
LSSmApple,,b,490.0,600.0,13.95,0.31,fpbase_csv_deep,missing_doi,
LSSmCherry1,,b,450.0,610.0,10.15,0.29,fpbase_csv_deep,missing_doi,
LSSmGFP,,b,400.0,510.0,17.71,0.48,fpbase_csv_deep,missing_doi,
LSS-mKate1,,b,463.0,624.0,2.5,0.08,fpbase_csv_deep,missing_doi,
LSS-mKate2,,b,460.0,605.0,4.42,0.17,fpbase_csv_deep,missing_doi,
LSSmOrange,,b,437.0,572.0,23.4,0.45,fpbase_csv_deep,missing_doi,
LSSmScarlet,,b,470.0,598.0,12.68,0.42,fpbase_csv_deep,missing_doi,
LSSmScarlet2,,b,470.0,600.0,8.7,0.29,fpbase_csv_deep,missing_doi,
LSSmScarlet3,,b,466.0,598.0,9.83,0.36,fpbase_csv_deep,missing_doi,
LucY,,b,460.0,528.0,4.15,0.356,fpbase_csv_deep,missing_doi,
Lumazine binding protein,,b,420.0,470.0,,0.55,fpbase_csv_deep,missing_doi,
M355NA,,b,572.0,595.0,46.2,0.21,fpbase_csv_deep,missing_doi,
Maroon0.1,,b,610.0,650.0,5.5,0.11,fpbase_csv_deep,missing_doi,
mARs1,,b,571.0,598.0,7.05,0.26,fpbase_csv_deep,missing_doi,
mAvicFP1,,b,480.0,503.0,40.95,0.63,fpbase_csv_deep,missing_doi,
mAzamiGreen,,b,492.0,505.0,33.86,0.81,fpbase_csv_deep,missing_doi,
mBanana,,b,540.0,553.0,4.2,0.7,fpbase_csv_deep,missing_doi,
mBaoJin,,b,500.0,508.0,119.04,0.93,fpbase_csv_deep,missing_doi,
mBaoJin-N137K,,b,504.0,510.0,49.61,0.68,fpbase_csv_deep,missing_doi,
mBaoJin-S134P,,b,502.0,510.0,58.3,0.83,fpbase_csv_deep,missing_doi,
mBaoJin-T55S,,b,497.0,508.0,109.22,0.86,fpbase_csv_deep,missing_doi,
mBaoJin-V152E,,b,498.0,508.0,69.63,0.61,fpbase_csv_deep,missing_doi,
mBeRFP,,b,446.0,611.0,17.55,0.27,fpbase_csv_deep,missing_doi,
mBlueberry1,,b,398.0,452.0,5.28,0.48,fpbase_csv_deep,missing_doi,
mBlueberry2,,b,402.0,467.0,24.48,0.48,fpbase_csv_deep,missing_doi,
mc1,,b,508.0,582.0,,,fpbase_csv_deep,missing_doi,
mc2,,b,505.0,515.0,,,fpbase_csv_deep,missing_doi,
mc3,,b,505.0,515.0,,,fpbase_csv_deep,missing_doi,
mc4,,b,505.0,515.0,,,fpbase_csv_deep,missing_doi,
mc5,,b,435.0,495.0,,,fpbase_csv_deep,missing_doi,
mc6,,b,495.0,507.0,,,fpbase_csv_deep,missing_doi,
McaG1,,b,492.0,514.0,,,fpbase_csv_deep,missing_doi,
McaG1ea,,b,492.0,514.0,,,fpbase_csv_deep,missing_doi,
McaG2,,b,492.0,502.0,,,fpbase_csv_deep,missing_doi,
mCarmine,,b,603.0,675.0,5.81,0.07,fpbase_csv_deep,missing_doi,
mcavFP,,b,440.0,510.0,,,fpbase_csv_deep,missing_doi,
mcavGFP,,b,506.0,516.0,,,fpbase_csv_deep,missing_doi,
mcavRFP,,b,508.0,580.0,,,fpbase_csv_deep,missing_doi,
mcCFP,,b,432.0,477.0,,0.385,fpbase_csv_deep,missing_doi,
mCerulean,,b,433.0,475.0,16.17,0.49,fpbase_csv_deep,missing_doi,
mCerulean2,,b,432.0,474.0,28.2,0.6,fpbase_csv_deep,missing_doi,
mCerulean2.D3,,b,434.0,472.0,23.4,0.52,fpbase_csv_deep,missing_doi,
mCerulean2.N,,b,440.0,484.0,23.52,0.48,fpbase_csv_deep,missing_doi,
mCerulean2.N(T65S),,b,439.0,481.0,19.78,0.46,fpbase_csv_deep,missing_doi,
mCerulean.B,,b,434.0,473.0,21.07,0.49,fpbase_csv_deep,missing_doi,
mCerulean.B2,,b,432.0,471.0,19.5,0.5,fpbase_csv_deep,missing_doi,
mCerulean.B24,,b,433.0,473.0,22.36,0.52,fpbase_csv_deep,missing_doi,
mChartreuse,,b,487.0,510.0,53.25,0.75,fpbase_csv_deep,missing_doi,
mCherry_I202T,,b,587.0,617.0,,0.04,fpbase_csv_deep,missing_doi,
mCherry_I202Y,,b,592.0,620.0,,0.02,fpbase_csv_deep,missing_doi,
mCherry_M10L,,b,583.0,611.0,,,fpbase_csv_deep,missing_doi,
mCherry-XL,,b,558.0,589.0,50.4,0.7,fpbase_csv_deep,missing_doi,
mClavGR2,,pc,488.0,504.0,14.63,0.77,fpbase_csv_deep,missing_doi,
mCRISPRed,,b,460.0,592.0,13.11,0.46,fpbase_csv_deep,missing_doi,
mCyRFP1,,b,528.0,594.0,17.55,0.65,fpbase_csv_deep,missing_doi,
mECFP,,b,433.0,475.0,13.53,0.41,fpbase_csv_deep,missing_doi,
Medium-FT,,t,,,,,fpbase_csv_deep,missing_doi,
meffCFP,,b,467.0,492.0,48.73,0.55,fpbase_csv_deep,missing_doi,
meffGFP,,b,492.0,506.0,53.36,0.58,fpbase_csv_deep,missing_doi,
meffRFP,,b,560.0,576.0,55.78,0.56,fpbase_csv_deep,missing_doi,
mEGFP,,b,488.0,507.0,33.6,0.6,fpbase_csv_deep,missing_doi,
meleCFP,,b,454.0,485.0,35.08,0.74,fpbase_csv_deep,missing_doi,
meleRFP,,b,573.0,579.0,38.76,0.85,fpbase_csv_deep,missing_doi,
mEos2,,pc,573.0,584.0,30.36,0.66,fpbase_csv_deep,missing_doi,
mEos2-A69T,,pc,495.0,509.0,15.31,0.63,fpbase_csv_deep,missing_doi,
mEos3.1,,pc,505.0,513.0,73.37,0.83,fpbase_csv_deep,missing_doi,
mEos3.2,,pc,507.0,516.0,53.26,0.84,fpbase_csv_deep,missing_doi,
mEos4a,,pc,505.0,515.0,71.84,0.86,fpbase_csv_deep,missing_doi,
mEos4b,,pc,505.0,516.0,65.66,0.84,fpbase_csv_deep,missing_doi,
mEos4b-L93M,,pc,504.0,515.0,52.44,0.68,fpbase_csv_deep,missing_doi,
mEos4Fast1,,pc,505.0,517.0,72.67,0.78,fpbase_csv_deep,missing_doi,
mEos4Fast2,,pc,499.0,513.0,63.98,0.82,fpbase_csv_deep,missing_doi,
mEosEM,,pc,503.0,511.0,122.96,0.79,fpbase_csv_deep,missing_doi,
mEosFP,,pc,505.0,516.0,43.01,0.64,fpbase_csv_deep,missing_doi,
mEosFP-F173S,,mp,486.0,514.0,22.88,0.43,fpbase_csv_deep,missing_doi,
mEosFP-M159A,,b,487.0,514.0,51.27,0.52,fpbase_csv_deep,missing_doi,
mEYFP,,b,515.0,528.0,48.98,0.62,fpbase_csv_deep,missing_doi,
MfaG1,,b,492.0,508.0,,,fpbase_csv_deep,missing_doi,
mfolCP577,,b,577.0,,,,fpbase_csv_deep,missing_doi,
mGarnet,,b,598.0,670.0,8.55,0.09,fpbase_csv_deep,missing_doi,
mGarnet2,,b,598.0,671.0,9.13,0.087,fpbase_csv_deep,missing_doi,
mGeos-C,,ps,505.0,516.0,62.34,0.81,fpbase_csv_deep,missing_doi,
mGeos-E,,ps,501.0,513.0,52.22,0.75,fpbase_csv_deep,missing_doi,
mGeos-F,,ps,504.0,515.0,45.16,0.85,fpbase_csv_deep,missing_doi,
mGeos-L,,ps,501.0,513.0,38.48,0.72,fpbase_csv_deep,missing_doi,
mGeos-M,,ps,503.0,514.0,43.86,0.85,fpbase_csv_deep,missing_doi,
mGeos-S,,ps,501.0,512.0,49.1,0.76,fpbase_csv_deep,missing_doi,
mGFP5,,b,,,,,fpbase_csv_deep,missing_doi,
mGFPmut3,,b,500.0,513.0,34.87,0.39,fpbase_csv_deep,missing_doi,
mGinger1,,b,587.0,637.0,1.16,0.02,fpbase_csv_deep,missing_doi,
mGinger2,,b,578.0,631.0,1.44,0.04,fpbase_csv_deep,missing_doi,
mGold,,b,515.0,531.0,68.48,0.64,fpbase_csv_deep,missing_doi,
mGold2s,,b,517.0,529.0,90.39,0.69,fpbase_csv_deep,missing_doi,
mGold2t,,b,515.0,527.0,88.2,0.7,fpbase_csv_deep,missing_doi,
mGrape1,,b,595.0,625.0,1.5,0.03,fpbase_csv_deep,missing_doi,
mGrape2,,b,605.0,636.0,0.99,0.03,fpbase_csv_deep,missing_doi,
mHoneydew,,b,487.0,562.0,2.04,0.12,fpbase_csv_deep,missing_doi,
MiCy,,b,472.0,495.0,24.52,0.9,fpbase_csv_deep,missing_doi,
miniGFP1,,b,450.0,499.0,5.21,0.31,fpbase_csv_deep,missing_doi,
miniGFP2,,b,450.0,499.0,5.18,0.32,fpbase_csv_deep,missing_doi,
miniSOG,,b,447.0,501.0,6.06,0.43,fpbase_csv_deep,missing_doi,
miniSOG2,,b,429.0,507.0,,,fpbase_csv_deep,missing_doi,
miniSOG Q103V,,b,440.0,487.0,,0.43,fpbase_csv_deep,missing_doi,
miRFP,,b,674.0,703.0,8.96,0.097,fpbase_csv_deep,missing_doi,
miRFP2,,b,676.0,706.0,2.39,0.043,fpbase_csv_deep,missing_doi,
miRFP670-2,,b,643.0,670.0,14.01,0.136,fpbase_csv_deep,missing_doi,
miRFP670nano3,,b,645.0,670.0,23.86,0.185,fpbase_csv_deep,missing_doi,
miRFP670v1,,b,644.0,670.0,8.27,0.116,fpbase_csv_deep,missing_doi,
miRFP680,,b,661.0,680.0,13.63,0.145,fpbase_csv_deep,missing_doi,
miRFP682,,b,663.0,682.0,10.19,0.112,fpbase_csv_deep,missing_doi,
miRFP702,,b,673.0,702.0,7.13,0.081,fpbase_csv_deep,missing_doi,
miRFP703,,b,674.0,703.0,7.82,0.086,fpbase_csv_deep,missing_doi,
miRFP709,,b,683.0,709.0,4.23,0.054,fpbase_csv_deep,missing_doi,
miRFP713,,b,690.0,713.0,6.93,0.07,fpbase_csv_deep,missing_doi,
mIrisFP,,mp,486.0,516.0,25.38,0.54,fpbase_csv_deep,missing_doi,
mJuniper,,b,434.0,475.0,13.76,0.43,fpbase_csv_deep,missing_doi,
mKalama1,,b,385.0,456.0,16.2,0.45,fpbase_csv_deep,missing_doi,
mKate,,b,588.0,635.0,14.85,0.33,fpbase_csv_deep,missing_doi,
mKate M41G S158C,,b,593.0,648.0,16.06,0.22,fpbase_csv_deep,missing_doi,
mKate S158A,,b,585.0,630.0,22.5,0.3,fpbase_csv_deep,missing_doi,
mKate S158C,,b,586.0,630.0,20.79,0.33,fpbase_csv_deep,missing_doi,
mKeima,,b,586.0,620.0,,,fpbase_csv_deep,missing_doi,
mKelly1,,b,596.0,656.0,7.04,0.16,fpbase_csv_deep,missing_doi,
mKelly2,,b,598.0,649.0,7.74,0.18,fpbase_csv_deep,missing_doi,
mKG,,b,494.0,507.0,,,fpbase_csv_deep,missing_doi,
mK-GO,,o,548.0,561.0,,,fpbase_csv_deep,missing_doi,
mKikGR,,pc,580.0,591.0,17.64,0.63,fpbase_csv_deep,missing_doi,
mKillerOrange,,b,458.0,560.0,17.5,0.5,fpbase_csv_deep,missing_doi,
mKO,,b,548.0,559.0,30.96,0.6,fpbase_csv_deep,missing_doi,
mKO2,,b,551.0,565.0,39.56,0.62,fpbase_csv_deep,missing_doi,
mKO&kappa;,,b,551.0,563.0,64.05,0.61,fpbase_csv_deep,missing_doi,
mLemon,,b,514.0,526.0,92.5,0.74,fpbase_csv_deep,missing_doi,
mLumin,,b,587.0,621.0,32.2,0.46,fpbase_csv_deep,missing_doi,
mLychee,,b,568.0,596.0,40.0,0.5,fpbase_csv_deep,missing_doi,
mMaple,,pc,489.0,505.0,11.1,0.74,fpbase_csv_deep,missing_doi,
mMaple2,,pc,492.0,506.0,,,fpbase_csv_deep,missing_doi,
mMaple3,,pc,491.0,506.0,5.83,0.37,fpbase_csv_deep,missing_doi,
mMaroon1,,b,609.0,657.0,8.8,0.11,fpbase_csv_deep,missing_doi,
mmGFP,,b,398.0,505.0,,0.645,fpbase_csv_deep,missing_doi,
MmGFP6,,b,,,,,fpbase_csv_deep,missing_doi,
mMiCy,,b,470.0,496.0,15.5,0.7,fpbase_csv_deep,missing_doi,
mmilCFP,,b,404.0,492.0,38.25,0.9,fpbase_csv_deep,missing_doi,
mNectarine,,b,558.0,578.0,26.1,0.45,fpbase_csv_deep,missing_doi,
mNeptune,,b,600.0,650.0,13.4,0.2,fpbase_csv_deep,missing_doi,
mNeptune2,,b,599.0,651.0,21.36,0.24,fpbase_csv_deep,missing_doi,
mNeptune2.5,,b,599.0,643.0,22.8,0.24,fpbase_csv_deep,missing_doi,
mNeptune681,,b,604.0,681.0,1.52,0.04,fpbase_csv_deep,missing_doi,
mNeptune684,,b,604.0,684.0,1.17,0.03,fpbase_csv_deep,missing_doi,
Monomeric hyperfolder YFP,,b,515.0,529.0,76.88,0.62,fpbase_csv_deep,missing_doi,
Montipora sp. #20,,b,,,,,fpbase_csv_deep,missing_doi,
Montipora sp. #20-9115,,b,580.0,606.0,,,fpbase_csv_deep,missing_doi,
mOrange,,b,548.0,562.0,48.99,0.69,fpbase_csv_deep,missing_doi,
mOrange2,,b,549.0,565.0,34.8,0.6,fpbase_csv_deep,missing_doi,
moxBFP,,b,385.0,448.0,17.36,0.56,fpbase_csv_deep,missing_doi,
moxCerulean3,,b,434.0,474.0,35.67,0.87,fpbase_csv_deep,missing_doi,
moxDendra2,,pc,551.0,571.0,17.16,0.55,fpbase_csv_deep,missing_doi,
moxGFP,,b,486.0,510.0,50.46,0.58,fpbase_csv_deep,missing_doi,
moxMaple3,,pc,490.0,506.0,5.48,0.37,fpbase_csv_deep,missing_doi,
moxNeonGreen,,b,505.0,520.0,82.14,0.74,fpbase_csv_deep,missing_doi,
moxVenus,,b,514.0,526.0,43.61,0.49,fpbase_csv_deep,missing_doi,
mPapaya,,b,530.0,541.0,35.69,0.83,fpbase_csv_deep,missing_doi,
mPapaya0.7,,b,529.0,541.0,15.87,0.69,fpbase_csv_deep,missing_doi,
mPlum-E16P,,b,590.0,630.0,,0.14,fpbase_csv_deep,missing_doi,
mRaspberry,,b,598.0,625.0,12.9,0.15,fpbase_csv_deep,missing_doi,
mRed7,,b,589.0,606.0,,,fpbase_csv_deep,missing_doi,
mRed7Q1,,b,560.0,591.0,,,fpbase_csv_deep,missing_doi,
mRed7Q1S1,,b,569.0,595.0,,,fpbase_csv_deep,missing_doi,
mRed7Q1S1BM,,b,569.0,596.0,,,fpbase_csv_deep,missing_doi,
mRFP1,,b,584.0,607.0,12.5,0.25,fpbase_csv_deep,missing_doi,
mRFP1.1,,b,589.0,612.0,,,fpbase_csv_deep,missing_doi,
mRFP1.2,,b,590.0,612.0,,,fpbase_csv_deep,missing_doi,
mRFP1_Magenta,,b,588.0,616.0,,,fpbase_csv_deep,missing_doi,
mRFP1_Pink,,b,565.0,581.0,,,fpbase_csv_deep,missing_doi,
mRFP1-Q66C,,b,559.0,580.0,10.49,0.33,fpbase_csv_deep,missing_doi,
mRFP1-Q66S,,b,555.0,569.0,11.52,0.35,fpbase_csv_deep,missing_doi,
mRFP1-Q66T,,b,549.0,570.0,16.38,0.43,fpbase_csv_deep,missing_doi,
mRFP1_Violet,,b,586.0,619.0,,,fpbase_csv_deep,missing_doi,
mRFP1_Yellow,,b,498.0,,,,fpbase_csv_deep,missing_doi,
mRhubarb713,,b,690.0,713.0,8.66,0.0763,fpbase_csv_deep,missing_doi,
mRhubarb719,,b,700.0,719.0,5.7,0.068,fpbase_csv_deep,missing_doi,
mRhubarb720,,b,701.0,720.0,6.13,0.0646,fpbase_csv_deep,missing_doi,
mRojoA,,b,597.0,633.0,0.96,0.02,fpbase_csv_deep,missing_doi,
mRojoB,,b,598.0,631.0,3.66,0.06,fpbase_csv_deep,missing_doi,
mRouge,,b,600.0,637.0,0.86,0.02,fpbase_csv_deep,missing_doi,
mRtms5,,b,588.0,633.0,0.27,0.005,fpbase_csv_deep,missing_doi,
mRuby,,b,558.0,605.0,39.2,0.35,fpbase_csv_deep,missing_doi,
mRubyFT,,t,408.0,457.0,16.38,0.63,fpbase_csv_deep,missing_doi,
mSandy2,,b,581.0,606.0,27.65,0.35,fpbase_csv_deep,missing_doi,
mScarlet-220A,,b,568.0,594.0,63.46,0.668,fpbase_csv_deep,missing_doi,
mScarlet-2A,,b,568.0,592.0,66.44,0.685,fpbase_csv_deep,missing_doi,
mScarlet-2A-84W,,b,568.0,592.0,67.9,0.7,fpbase_csv_deep,missing_doi,
mScarlet2-I,,b,,,,,fpbase_csv_deep,missing_doi,
mScarlet3,,b,569.0,592.0,78.0,0.75,fpbase_csv_deep,missing_doi,
mScarlet3-H,,b,551.0,592.0,18.48,0.18,fpbase_csv_deep,missing_doi,
mScarlet3-S2,,b,550.0,587.0,14.94,0.18,fpbase_csv_deep,missing_doi,
mScarlet-H,,b,551.0,592.0,14.8,0.2,fpbase_csv_deep,missing_doi,
mScarlet-I,,b,569.0,593.0,56.16,0.54,fpbase_csv_deep,missing_doi,
mScarlet-I-220A,,b,568.0,594.0,54.3,0.543,fpbase_csv_deep,missing_doi,
mScarlet-I3,,b,568.0,592.0,68.25,0.65,fpbase_csv_deep,missing_doi,
mScarlet-I3-NCwt,,b,567.0,592.0,66.61,0.653,fpbase_csv_deep,missing_doi,
msGFP2,,b,489.0,509.0,30.8,0.59,fpbase_csv_deep,missing_doi,
mStable,,b,597.0,633.0,7.65,0.17,fpbase_csv_deep,missing_doi,
mStayGold,,b,499.0,510.0,136.12,0.83,fpbase_csv_deep,missing_doi,
mStayGold2,,b,499.0,509.0,138.25,0.79,fpbase_csv_deep,missing_doi,
mStrawberry,,b,574.0,596.0,26.1,0.29,fpbase_csv_deep,missing_doi,
mTagBFP2,,b,399.0,454.0,32.38,0.64,fpbase_csv_deep,missing_doi,
mTangerine,,b,568.0,585.0,11.4,0.3,fpbase_csv_deep,missing_doi,
mTFP*,,b,468.0,495.0,,,fpbase_csv_deep,missing_doi,
mTFP0.3,,b,458.0,488.0,5.89,0.31,fpbase_csv_deep,missing_doi,
mTFP0.7,,o,,,,,fpbase_csv_deep,missing_doi,
mTFP1-Y67W,,b,424.0,461.0,0.06,0.02,fpbase_csv_deep,missing_doi,
mT-Sapphire,,b,399.0,511.0,26.4,0.6,fpbase_csv_deep,missing_doi,
mTurquoise2-1710,,b,482.0,519.0,15.3,0.51,fpbase_csv_deep,missing_doi,
mTurquoise2_T203Y,,b,471.0,514.0,6.3,0.23,fpbase_csv_deep,missing_doi,
muGFP,,b,490.0,508.0,52.65,0.45,fpbase_csv_deep,missing_doi,
mUkG,,b,483.0,499.0,43.2,0.72,fpbase_csv_deep,missing_doi,
M-Velour-537,,b,537.0,,0.07,0.001,fpbase_csv_deep,missing_doi,
M-Velour-553,,b,553.0,,0.07,0.001,fpbase_csv_deep,missing_doi,
M-Velour-554,,b,554.0,,0.09,0.001,fpbase_csv_deep,missing_doi,
mVenus-Q69M,,b,515.0,528.0,96.97,,fpbase_csv_deep,missing_doi,
mVermilion,,b,,,,,fpbase_csv_deep,missing_doi,
mVFP,,b,491.0,503.0,73.1,0.86,fpbase_csv_deep,missing_doi,
mVFP1,,b,491.0,503.0,67.54,0.84,fpbase_csv_deep,missing_doi,
mWatermelon,,b,504.0,515.0,41.36,0.47,fpbase_csv_deep,missing_doi,
(n1)oxStayGold,,b,497.0,506.0,,,fpbase_csv_deep,missing_doi,
(n1)StayGold,,b,496.0,505.0,,,fpbase_csv_deep,missing_doi,
nanoLuc,,b,460.0,460.0,,,fpbase_csv_deep,missing_doi,
Neptune,,b,600.0,650.0,12.96,0.18,fpbase_csv_deep,missing_doi,
NijiFP,,mp,,,,,fpbase_csv_deep,missing_doi,
"nirFAST  + HPAR-3,5DOM",,b,636.0,713.0,3.08,0.067,fpbase_csv_deep,missing_doi,
NowGFP,,b,494.0,502.0,43.09,0.76,fpbase_csv_deep,missing_doi,
Nữ,,b,517.0,531.0,8.05,0.07,fpbase_csv_deep,missing_doi,
obeCFP,,b,400.0,499.0,22.32,0.62,fpbase_csv_deep,missing_doi,
obeGFP,,b,502.0,515.0,48.36,0.62,fpbase_csv_deep,missing_doi,
obeYFP,,b,514.0,528.0,43.89,0.57,fpbase_csv_deep,missing_doi,
ofCP,,b,528.0,,0.09,0.001,fpbase_csv_deep,missing_doi,
OFP,,b,548.0,573.0,38.4,0.64,fpbase_csv_deep,missing_doi,
OFPxm,,b,509.0,523.0,,0.25,fpbase_csv_deep,missing_doi,
O-Velour,,b,506.0,,0.02,0.001,fpbase_csv_deep,missing_doi,
oxBFP,,b,385.0,448.0,17.36,0.56,fpbase_csv_deep,missing_doi,
oxCerulean,,b,435.0,477.0,22.96,0.41,fpbase_csv_deep,missing_doi,
oxGFP,,b,486.0,510.0,50.46,0.58,fpbase_csv_deep,missing_doi,
oxStayGold,,b,497.0,506.0,157.17,0.93,fpbase_csv_deep,missing_doi,
oxVenus,,b,514.0,526.0,43.61,0.49,fpbase_csv_deep,missing_doi,
P11,,b,471.0,502.0,,,fpbase_csv_deep,missing_doi,
P4,,b,382.0,448.0,0.5,0.24,fpbase_csv_deep,missing_doi,
P4-1,,b,504.0,514.0,7.83,0.54,fpbase_csv_deep,missing_doi,
P4-3E,,b,384.0,448.0,5.94,0.27,fpbase_csv_deep,missing_doi,
P9,,b,471.0,502.0,,,fpbase_csv_deep,missing_doi,
Padron,,ps,503.0,522.0,27.52,0.64,fpbase_csv_deep,missing_doi,
Padron0.9,,ps,505.0,522.0,21.96,0.61,fpbase_csv_deep,missing_doi,
Padron2,,ps,,,,,fpbase_csv_deep,missing_doi,
Padron(star),,o,503.0,522.0,,,fpbase_csv_deep,missing_doi,
PA-GFP,,pa,504.0,517.0,13.75,0.79,fpbase_csv_deep,missing_doi,
PAmCherry1,,pa,564.0,595.0,8.28,0.46,fpbase_csv_deep,missing_doi,
PAmCherry2,,pa,,,,,fpbase_csv_deep,missing_doi,
PAmCherry3,,pa,570.0,596.0,5.04,0.24,fpbase_csv_deep,missing_doi,
PAmKate,,pa,586.0,628.0,4.5,0.18,fpbase_csv_deep,missing_doi,
PATagRFP,,pa,562.0,595.0,25.08,0.38,fpbase_csv_deep,missing_doi,
PATagRFP1297,,pa,563.0,595.0,26.46,0.42,fpbase_csv_deep,missing_doi,
PATagRFP1314,,pa,562.0,596.0,28.06,0.46,fpbase_csv_deep,missing_doi,
pcDronpa,,mp,,,,,fpbase_csv_deep,missing_doi,
pcDronpa2,,mp,569.0,583.0,71.4,0.68,fpbase_csv_deep,missing_doi,
pcStar,,pc,505.0,515.0,66.19,0.89,fpbase_csv_deep,missing_doi,
PdaC1,,b,480.0,492.0,,,fpbase_csv_deep,missing_doi,
pdae1GFP,,b,491.0,511.0,71.4,0.68,fpbase_csv_deep,missing_doi,
pFAST,,b,,,,,fpbase_csv_deep,missing_doi,
pFAST + HBIR-3M,,b,514.0,567.0,0.04,0.003,fpbase_csv_deep,missing_doi,
"pFAST + HBR 2,5 DM",,b,498.0,549.0,,,fpbase_csv_deep,missing_doi,
"pFAST + HBR 3,5 DOM",,b,519.0,600.0,14.52,0.33,fpbase_csv_deep,missing_doi,
Phanta,,b,506.0,516.0,0.29,0.003,fpbase_csv_deep,missing_doi,
phiLOV2.1,,b,451.0,501.0,2.7,0.2,fpbase_csv_deep,missing_doi,
phiLOV3,,b,452.0,502.0,3.48,0.22,fpbase_csv_deep,missing_doi,
phiYFP,,b,525.0,537.0,69.0,0.6,fpbase_csv_deep,missing_doi,
phiYFPv,,b,524.0,537.0,59.77,0.59,fpbase_csv_deep,missing_doi,
"pHluorin, ecliptic",,o,395.0,509.0,,,fpbase_csv_deep,missing_doi,
"pHluorin, ratiometric",,o,475.0,509.0,,,fpbase_csv_deep,missing_doi,
pHmScarlet,,b,562.0,585.0,39.95,0.47,fpbase_csv_deep,missing_doi,
plamGFP,,b,502.0,514.0,94.66,0.96,fpbase_csv_deep,missing_doi,
plobRFP,,b,578.0,614.0,62.16,0.74,fpbase_csv_deep,missing_doi,
pmeaGFP1,,b,489.0,504.0,73.26,0.74,fpbase_csv_deep,missing_doi,
pmeaGFP2,,b,487.0,502.0,70.56,0.72,fpbase_csv_deep,missing_doi,
pmimGFP1,,b,491.0,505.0,72.68,0.92,fpbase_csv_deep,missing_doi,
pmimGFP2,,b,491.0,505.0,72.68,0.92,fpbase_csv_deep,missing_doi,
Pp2 FbFP,,b,449.0,495.0,3.12,0.22,fpbase_csv_deep,missing_doi,
Pp2FbFP L30M,,b,449.0,495.0,3.7,0.25,fpbase_csv_deep,missing_doi,
ppluGFP1,,b,480.0,500.0,39.0,0.6,fpbase_csv_deep,missing_doi,
ppluGFP2,,b,482.0,502.0,42.0,0.6,fpbase_csv_deep,missing_doi,
pporGFP,,b,495.0,507.0,53.03,0.54,fpbase_csv_deep,missing_doi,
pporRFP,,b,578.0,595.0,51.25,0.54,fpbase_csv_deep,missing_doi,
PROSS-eGFP,,b,488.0,509.0,,0.57,fpbase_csv_deep,missing_doi,
psamCFP,,b,404.0,492.0,29.57,0.96,fpbase_csv_deep,missing_doi,
PS-CFP,,pc,402.0,468.0,5.44,0.16,fpbase_csv_deep,missing_doi,
PS-CFP2,,pc,400.0,468.0,8.6,0.2,fpbase_csv_deep,missing_doi,
PSLSSmKate,,ps,445.0,622.0,5.57,0.21,fpbase_csv_deep,missing_doi,
PSmOrange,,pc,634.0,662.0,9.16,0.28,fpbase_csv_deep,missing_doi,
PSmOrange2,,pc,546.0,561.0,31.11,0.61,fpbase_csv_deep,missing_doi,
ptilGFP,,b,500.0,508.0,,,fpbase_csv_deep,missing_doi,
QC2-6,,b,496.0,504.0,,,fpbase_csv_deep,missing_doi,
R3-2+PCB,,b,620.0,648.0,9.62,0.13,fpbase_csv_deep,missing_doi,
RCaMP,,b,575.0,602.0,,0.14,fpbase_csv_deep,missing_doi,
RDSmCherry0.1,,b,598.0,625.0,5.96,0.1,fpbase_csv_deep,missing_doi,
RDSmCherry0.2,,b,600.0,630.0,1.03,0.03,fpbase_csv_deep,missing_doi,
RDSmCherry0.5,,b,604.0,636.0,0.47,0.02,fpbase_csv_deep,missing_doi,
RDSmCherry1,,b,600.0,630.0,4.99,0.09,fpbase_csv_deep,missing_doi,
REACh1,,b,495.0,530.0,,,fpbase_csv_deep,missing_doi,
REACh2,,b,510.0,538.0,,,fpbase_csv_deep,missing_doi,
REX-GECO1,,b,578.0,599.0,2.06,0.054,fpbase_csv_deep,missing_doi,
R-FlincA,,b,560.0,585.0,,,fpbase_csv_deep,missing_doi,
rfloGFP,,b,508.0,518.0,,,fpbase_csv_deep,missing_doi,
rfloRFP,,b,566.0,574.0,,,fpbase_csv_deep,missing_doi,
RFP611,,b,559.0,611.0,57.6,0.48,fpbase_csv_deep,missing_doi,
RFP618,,b,560.0,618.0,,0.35,fpbase_csv_deep,missing_doi,
RFP630,,b,583.0,630.0,17.5,0.35,fpbase_csv_deep,missing_doi,
RFP637,,b,587.0,637.0,16.56,0.23,fpbase_csv_deep,missing_doi,
RFP639,,b,588.0,639.0,12.42,0.18,fpbase_csv_deep,missing_doi,
R-GECO1.2,,b,573.0,597.0,0.49,0.21,fpbase_csv_deep,missing_doi,
RLuc8,,b,400.0,400.0,,,fpbase_csv_deep,missing_doi,
roGFP1,,b,475.0,508.0,,,fpbase_csv_deep,missing_doi,
roGFP1-R1,,b,400.0,508.0,,,fpbase_csv_deep,missing_doi,
roGFP1-R8,,b,400.0,511.0,,,fpbase_csv_deep,missing_doi,
Rosmarinus,,b,437.0,482.0,38.25,0.85,fpbase_csv_deep,missing_doi,
rrenGFP,,b,485.0,508.0,,,fpbase_csv_deep,missing_doi,
RRvT,,b,556.0,583.0,117.92,0.88,fpbase_csv_deep,missing_doi,
rsCherry,,ps,572.0,610.0,1.6,0.02,fpbase_csv_deep,missing_doi,
rsCherryRev,,ps,572.0,608.0,0.42,0.005,fpbase_csv_deep,missing_doi,
rsCherryRev1.4,,ps,572.0,609.0,,,fpbase_csv_deep,missing_doi,
rsEGFP,,ps,,,,,fpbase_csv_deep,missing_doi,
rsEGFP2,,ps,,,,,fpbase_csv_deep,missing_doi,
rsFastLime,,ps,,,,,fpbase_csv_deep,missing_doi,
rsFolder,,ps,477.0,503.0,12.9,0.25,fpbase_csv_deep,missing_doi,
rsFolder2,,ps,478.0,503.0,10.12,0.23,fpbase_csv_deep,missing_doi,
rsFusionRed1,,ps,577.0,605.0,8.24,0.1,fpbase_csv_deep,missing_doi,
rsFusionRed2,,ps,580.0,607.0,4.26,0.12,fpbase_csv_deep,missing_doi,
rsFusionRed3,,ps,,,,,fpbase_csv_deep,missing_doi,
rsGreen1,,ps,,,,,fpbase_csv_deep,missing_doi,
rsKame,,ps,,,,,fpbase_csv_deep,missing_doi,
rsTagRFP,,ps,,,0.02,0.0013,fpbase_csv_deep,missing_doi,
R-Velour,,b,528.0,,0.09,0.001,fpbase_csv_deep,missing_doi,
SAASoti,,pc,510.0,519.0,,,fpbase_csv_deep,missing_doi,
Sandercyanin,,b,375.0,675.0,0.34,0.016,fpbase_csv_deep,missing_doi,
Sapphire,,b,399.0,511.0,18.56,0.64,fpbase_csv_deep,missing_doi,
sarcGFP,,b,483.0,500.0,73.63,0.96,fpbase_csv_deep,missing_doi,
SBFP1,,b,380.0,446.0,0.92,0.4,fpbase_csv_deep,missing_doi,
SBFP2,,b,380.0,446.0,15.98,0.47,fpbase_csv_deep,missing_doi,
SCFP1,,b,434.0,477.0,6.96,0.24,fpbase_csv_deep,missing_doi,
SCFP2,,b,434.0,474.0,11.89,0.41,fpbase_csv_deep,missing_doi,
SCFP3A,,b,433.0,474.0,16.8,0.56,fpbase_csv_deep,missing_doi,
SCFP3B,,b,433.0,474.0,15.0,0.5,fpbase_csv_deep,missing_doi,
scOrange,,b,,,,,fpbase_csv_deep,missing_doi,
scubGFP1,,b,497.0,506.0,,,fpbase_csv_deep,missing_doi,
scubGFP2,,b,497.0,506.0,,,fpbase_csv_deep,missing_doi,
scubRFP,,b,570.0,578.0,39.84,0.6,fpbase_csv_deep,missing_doi,
secBFP2,,b,399.0,456.0,,,fpbase_csv_deep,missing_doi,
SEYFP,,b,515.0,528.0,56.56,0.56,fpbase_csv_deep,missing_doi,
sfCherry,,b,,,,,fpbase_csv_deep,missing_doi,
sfCherry2,,b,,,,,fpbase_csv_deep,missing_doi,
sfCherry3C,,b,,,,,fpbase_csv_deep,missing_doi,
sfOrange,,b,546.0,560.0,,,fpbase_csv_deep,missing_doi,
sg11,,b,385.0,506.0,10.67,0.84,fpbase_csv_deep,missing_doi,
sg12,,b,396.0,508.0,15.55,0.85,fpbase_csv_deep,missing_doi,
sg25,,b,474.0,506.0,19.91,0.76,fpbase_csv_deep,missing_doi,
sg42,,b,384.0,450.0,3.74,0.24,fpbase_csv_deep,missing_doi,
sg50,,b,384.0,450.0,4.12,0.25,fpbase_csv_deep,missing_doi,
sgBP,,b,608.0,,,,fpbase_csv_deep,missing_doi,
sgBP-Q62M,,b,608.0,,,,fpbase_csv_deep,missing_doi,
sgBP-S157C,,b,604.0,,,,fpbase_csv_deep,missing_doi,
sgBP-S157T,,b,611.0,,,,fpbase_csv_deep,missing_doi,
SGFP1,,b,495.0,512.0,26.04,0.62,fpbase_csv_deep,missing_doi,
SGFP2,,b,495.0,512.0,32.2,0.7,fpbase_csv_deep,missing_doi,
SGFP2(206A),,b,496.0,512.0,30.36,0.69,fpbase_csv_deep,missing_doi,
SGFP2(E222Q),,b,496.0,512.0,34.84,0.52,fpbase_csv_deep,missing_doi,
SGFP2(T65G),,b,501.0,512.0,31.5,0.35,fpbase_csv_deep,missing_doi,
SH3,,b,450.0,495.0,,0.4,fpbase_csv_deep,missing_doi,
ShadowG,,b,486.0,510.0,0.45,0.005,fpbase_csv_deep,missing_doi,
ShadowR,,b,585.0,,,,fpbase_csv_deep,missing_doi,
ShadowY,,b,519.0,531.0,1.36,0.01,fpbase_csv_deep,missing_doi,
SHardonnay,,b,511.0,530.0,66.75,0.75,fpbase_csv_deep,missing_doi,
shBFP,,b,401.0,458.0,12.17,0.79,fpbase_csv_deep,missing_doi,
shBFP-N158K/L173I,,b,375.0,458.0,15.21,0.78,fpbase_csv_deep,missing_doi,
shBFP-N158S/L173I,,b,375.0,458.0,20.24,0.84,fpbase_csv_deep,missing_doi,
shCP,,b,574.0,,,,fpbase_csv_deep,missing_doi,
shCP-E63L/Y64H,,b,403.0,451.0,0.22,0.17,fpbase_csv_deep,missing_doi,
shCP-E63S,,b,560.0,,,,fpbase_csv_deep,missing_doi,
shCP-Q39S,,b,518.0,,,,fpbase_csv_deep,missing_doi,
shCP-T194I,,b,577.0,,,,fpbase_csv_deep,missing_doi,
ShG24,,b,486.0,506.0,,,fpbase_csv_deep,missing_doi,
ShyRFP,,mp,450.0,596.0,,,fpbase_csv_deep,missing_doi,
shysCP562,,b,562.0,,,,fpbase_csv_deep,missing_doi,
Sirius,,b,355.0,424.0,3.6,0.24,fpbase_csv_deep,missing_doi,
SiriusGFP,,b,504.0,516.0,12.11,0.214,fpbase_csv_deep,missing_doi,
Skylan-NS,,ps,499.0,511.0,78.92,0.59,fpbase_csv_deep,missing_doi,
Skylan-S,,ps,499.0,511.0,97.54,0.64,fpbase_csv_deep,missing_doi,
Slow-FT,,t,,,,,fpbase_csv_deep,missing_doi,
smURFP,,b,642.0,670.0,32.4,0.18,fpbase_csv_deep,missing_doi,
SNIFP,,b,697.0,720.0,3.28,0.022,fpbase_csv_deep,missing_doi,
SOPP,,b,440.0,487.0,5.66,0.39,fpbase_csv_deep,missing_doi,
SOPP2,,b,439.0,491.0,6.07,0.41,fpbase_csv_deep,missing_doi,
SOPP3,,b,439.0,490.0,6.15,0.41,fpbase_csv_deep,missing_doi,
spGFP 11,,b,,,,,fpbase_csv_deep,missing_doi,
spGFP1-10,,b,,,,,fpbase_csv_deep,missing_doi,
SPOON,,ps,510.0,527.0,27.0,0.5,fpbase_csv_deep,missing_doi,
sREACh1,,b,518.0,530.0,3.42,0.03,fpbase_csv_deep,missing_doi,
sREACh2,,b,519.0,531.0,2.6,0.02,fpbase_csv_deep,missing_doi,
StayGold,,b,496.0,505.0,147.87,0.93,fpbase_csv_deep,missing_doi,
StayGold-E138D,,b,497.0,504.0,126.15,0.87,fpbase_csv_deep,missing_doi,
StayRose,,b,530.0,588.0,,,fpbase_csv_deep,missing_doi,
stylGFP,,b,485.0,500.0,60.69,0.7,fpbase_csv_deep,missing_doi,
Sumire,,b,343.0,414.0,14.0,0.7,fpbase_csv_deep,missing_doi,
superecliptic pHluorin,,o,488.0,511.0,29.6,0.8,fpbase_csv_deep,missing_doi,
Superfolder BFP,,b,380.0,445.0,,,fpbase_csv_deep,missing_doi,
Superfolder CFP,,b,430.0,479.0,,,fpbase_csv_deep,missing_doi,
Superfolder GFP,,b,488.0,510.0,54.15,0.65,fpbase_csv_deep,missing_doi,
Superfolder mTurquoise2,,b,434.0,474.0,,,fpbase_csv_deep,missing_doi,
Superfolder mTurquoise2 ox,,b,434.0,474.0,,,fpbase_csv_deep,missing_doi,
Superfolder pHluorin,,o,,,,,fpbase_csv_deep,missing_doi,
Superfolder YFP,,b,513.0,527.0,,,fpbase_csv_deep,missing_doi,
SuperNova2,,b,579.0,610.0,,,fpbase_csv_deep,missing_doi,
SuperNova Green,,b,440.0,510.0,6.44,0.23,fpbase_csv_deep,missing_doi,
SuperNova Red,,b,579.0,610.0,13.5,0.3,fpbase_csv_deep,missing_doi,
super-TagRFP,,b,555.0,579.0,59.89,0.53,fpbase_csv_deep,missing_doi,
SYFP2,,b,515.0,527.0,68.68,0.68,fpbase_csv_deep,missing_doi,
TagGFP,,b,482.0,505.0,33.0,0.6,fpbase_csv_deep,missing_doi,
TagGFP2,,b,483.0,506.0,33.9,0.6,fpbase_csv_deep,missing_doi,
TagRFP657,,b,611.0,657.0,3.4,0.1,fpbase_csv_deep,missing_doi,
TagRFP658,,b,611.0,658.0,4.12,0.1,fpbase_csv_deep,missing_doi,
TagRFP675,,b,598.0,675.0,3.68,0.08,fpbase_csv_deep,missing_doi,
TagRFP-T,,b,555.0,584.0,33.21,0.41,fpbase_csv_deep,missing_doi,
TagYFP,,b,508.0,524.0,31.0,0.62,fpbase_csv_deep,missing_doi,
td5oxStayGold,,b,496.0,506.0,145.08,0.93,fpbase_csv_deep,missing_doi,
td5StayGold,,b,496.0,504.0,141.05,0.91,fpbase_csv_deep,missing_doi,
td8oxStayGold,,b,496.0,506.0,146.01,0.93,fpbase_csv_deep,missing_doi,
tdimer2(12),,b,552.0,579.0,81.6,0.68,fpbase_csv_deep,missing_doi,
tdKatushka2,,b,588.0,633.0,49.02,0.37,fpbase_csv_deep,missing_doi,
tdLanYFP,,b,512.0,519.0,122.36,0.92,fpbase_csv_deep,missing_doi,
tdoxStayGold,,b,496.0,504.0,,,fpbase_csv_deep,missing_doi,
td-RFP611,,b,558.0,609.0,32.9,0.47,fpbase_csv_deep,missing_doi,
td-RFP639,,b,589.0,631.0,14.46,0.16,fpbase_csv_deep,missing_doi,
TDsmURFP,,b,642.0,670.0,30.6,0.18,fpbase_csv_deep,missing_doi,
tdStayGold,,b,496.0,504.0,145.8,0.9,fpbase_csv_deep,missing_doi,
tdUltramarine2,,b,587.0,,0.02,0.0001,fpbase_csv_deep,missing_doi,
Thermostable Green Protein,,b,493.0,507.0,42.24,0.66,fpbase_csv_deep,missing_doi,
tKeima,,b,440.0,616.0,3.19,0.22,fpbase_csv_deep,missing_doi,
Topaz,,b,514.0,527.0,56.7,0.6,fpbase_csv_deep,missing_doi,
TripartiteGFP,,b,480.0,514.0,,,fpbase_csv_deep,missing_doi,
T-Sapphire,,b,399.0,511.0,26.4,0.6,fpbase_csv_deep,missing_doi,
tsPurple,,b,,,,,fpbase_csv_deep,missing_doi,
TurboFP602,,b,574.0,602.0,26.04,0.35,fpbase_csv_deep,missing_doi,
TurboGFP,,b,482.0,502.0,37.1,0.53,fpbase_csv_deep,missing_doi,
TurboGFP-V197L,,b,482.0,502.0,,,fpbase_csv_deep,missing_doi,
TurboRFP,,b,553.0,574.0,61.64,0.67,fpbase_csv_deep,missing_doi,
TurboYFP,,b,525.0,538.0,55.65,0.53,fpbase_csv_deep,missing_doi,
Turquoise-GL,,b,434.0,474.0,24.6,0.82,fpbase_csv_deep,missing_doi,
Ultramarine,,b,586.0,626.0,0.06,0.001,fpbase_csv_deep,missing_doi,
UnaG,,b,498.0,527.0,39.42,0.51,fpbase_csv_deep,missing_doi,
usGFP,,b,490.0,508.0,46.35,0.45,fpbase_csv_deep,missing_doi,
V127T SAASoti,,pc,509.0,519.0,,,fpbase_csv_deep,missing_doi,
VFP,,b,491.0,503.0,83.7,1.0,fpbase_csv_deep,missing_doi,
vsfGFP-0,,b,485.0,510.0,159.54,0.76,fpbase_csv_deep,missing_doi,
vsfGFP-9,,b,485.0,510.0,73.47,0.7,fpbase_csv_deep,missing_doi,
W1C,,b,435.0,495.0,8.27,0.39,fpbase_csv_deep,missing_doi,
W2,,b,432.0,480.0,7.1,0.71,fpbase_csv_deep,missing_doi,
W7,,b,433.0,475.0,12.06,0.67,fpbase_csv_deep,missing_doi,
WasCFP,,b,494.0,505.0,43.35,0.85,fpbase_csv_deep,missing_doi,
Wi-Phy,,b,701.0,719.0,4.37,0.047,fpbase_csv_deep,missing_doi,
WiPhy2,,b,696.0,719.0,,0.087,fpbase_csv_deep,missing_doi,
Xpa,,pa,,,,,fpbase_csv_deep,missing_doi,
YFP3,,b,514.0,527.0,75.24,0.76,fpbase_csv_deep,missing_doi,
YGFPdp,,b,502.0,513.0,12.11,0.7,fpbase_csv_deep,missing_doi,
YGFPuv,,b,398.0,512.0,7.13,0.81,fpbase_csv_deep,missing_doi,
YuzuFP,,b,492.0,511.0,56.49,0.92,fpbase_csv_deep,missing_doi,
zFP538,,b,528.0,538.0,8.48,0.42,fpbase_csv_deep,missing_doi,
zoan2RFP,,b,552.0,576.0,,,fpbase_csv_deep,missing_doi,
ZsGreen,,b,496.0,506.0,22.43,0.63,fpbase_csv_deep,missing_doi,
ZsGreen1,,b,493.0,505.0,,,fpbase_csv_deep,missing_doi,
ZsYellow1,,b,529.0,539.0,13.0,0.65,fpbase_csv_deep,missing_doi,
Neuronal calcium sensor 1,,,,,,,uniprot_deep,missing_doi,Q5RC90
