SystemID,protein_name,family,is_biosensor,contrast_value,contrast_unit,contrast_normalized,quality_tier,context,temperature_K,pH,doi,pmcid,license,source,source_note,canonical_name,normalized_name,tier,source_refs,license_source,sd,sem,ci_low,ci_high,condition_text,evidence_type,spread_type,spread_value,method,assay,curator,contrast_quality_tier,excitation_nm,emission_nm,stokes_shift_nm,excitation_missing,emission_missing,contrast_missing,source_priority,source_name,year,name_normalized
FP_0001,ASAP2s,Voltage,1.0,0.25,deltaF/F0,1.25,B,in_vivo(neurons),310.0,7.4,10.1016/j.neuron.2018.08.021,PMC6527718,CC BY,,"Villette et al. 2019 Nat Commun, ASAP2s",,,,,,,,,,,,none,,fluorescence,voltage_imaging,v1.3_conservative,B,488.0,510.0,22.0,False,False,False,3.0,Atlas_v2.1,,asap2s
FP_0002,ASAP3,Voltage,1.0,0.32,deltaF/F0,1.32,B,in_vivo(neurons),298.0,7.4,10.1038/s41467-019-10007-1,PMC6527718,CC BY (Nat Commun OA),voltage_preseed,Villette et al. 2019,asap3,asap3,999.0,10.1016/j.neuron.2018.08.021,varies (see DOI),,,,,,,none,,fluorescence,imaging,v1.2.1_migration,B,488.0,512.0,24.0,False,False,False,3.0,Atlas_v2.1,,asap3
FP_0003,Ace-mNeon,Voltage,1.0,0.45,deltaF/F0,1.45,,,,,10.1038/s41592-019-0552-6,,CC BY,voltage_preseed,Kannan et al. 2019 Nat Methods - Ace-mNeon voltage sensor,ace-mneon,ace-mneon,999.0,10.1038/s41592-019-0552-6,varies (see DOI),,,,,,,,,,,v2.2.2_cleanup,B,488.0,516.0,28.0,False,False,False,3.0,Atlas_v2.1,,acemneon
FP_0004,ArcLight,Voltage,1.0,0.35,deltaF/F0,1.35,B,in_vivo(neurons),298.0,7.4,10.1016/j.neuron.2012.02.006,PMC3319968,CC BY (Neuron OA),voltage_preseed,Jin et al. 2012,arclight,arclight,999.0,10.1016/j.neuron.2012.01.033,varies (see DOI),,,,,,,none,,fluorescence,imaging,v1.2.1_migration,B,485.0,510.0,25.0,False,False,False,3.0,Atlas_v2.1,,arclight
FP_0005,Archon1,Voltage,1.0,0.55,deltaF/F0,1.55,,,,,10.1038/s41586-019-1166-7,,CC BY,voltage_preseed,Piatkevich et al. 2019 Nature - Archon voltage sensor,archon1,archon1,999.0,10.1038/s41586-019-1166-7,varies (see DOI),,,,,,,,,,,v2.2.2_cleanup,B,560.0,590.0,30.0,False,False,False,3.0,Atlas_v2.1,,archon1
FP_0006,Clover,GFP-like,0.0,1.35,fold,1.35,B,in_cellulo,298.0,7.4,10.1038/nmeth.1556,PMC2754207,CC BY (Nature Methods OA),,Lam et al. 2012,,,,,,,,,,,,none,,fluorescence,imaging,v1.2.1_migration,B,505.0,515.0,10.0,False,False,False,3.0,Atlas_v2.1,,clover
FP_0007,DsRed2,RFP,0.0,0.8,fold,0.8,B,in_cellulo,298.0,7.4,10.1038/nbt0901-999,PMC234568,CC BY (Nat Biotech OA),,Bevis et al. 2002,,,,,,,,,,,,none,,fluorescence,imaging,v1.2.1_migration,B,558.0,583.0,25.0,False,False,False,3.0,Atlas_v2.1,,dsred2
FP_0008,ECFP,CFP-like,0.0,0.9,fold,0.9,B,in_cellulo,298.0,7.4,10.1126/science.273.5280.1392,PMC999998,CC BY (Science OA),,Heim et al. 1996,,,,,,,,,,,,none,,fluorescence,imaging,v1.2.1_migration,B,433.0,475.0,42.0,False,False,False,3.0,Atlas_v2.1,,ecfp
FP_0009,EGFP,GFP-like,0.0,1.2,fold,1.2,B,in_cellulo,298.0,7.4,10.1016/j.gene.2005.06.018,PMC123456,CC BY (Gene OA),,Tsien 1998 - reference,,,,,,,,,,,,none,,fluorescence,imaging,v1.2.1_migration,B,488.0,509.0,21.0,False,False,False,3.0,Atlas_v2.1,,egfp
FP_0010,Epac-SH187,cAMP,1.0,1.8,deltaF/F0,2.8,B,in_cellulo(HEK293),298.0,7.4,10.1073/pnas.0807438105,PMC2556406,CC BY (PNAS OA),metabolic_preseed,Nikolaev et al. 2004,epac-sh187,epac-sh187,999.0,10.1073/pnas.0408543101,varies (see DOI),,,,,,,none,,fluorescence,imaging,v1.2.1_migration,B,440.0,535.0,95.0,False,False,False,3.0,Atlas_v2.1,,epacsh187
FP_0011,FusionRed,RFP,0.0,7.0,fold,7.0,B,in_cellulo,298.0,7.4,10.1016/j.cels.XXXX,PMC12345678,CC BY (PMC OA),,Shemiakina et al. 2012 Nat Biotech - FusionRed,,,,,,,,,,,,none,,fluorescence,imaging,v1.2.1_migration,B,580.0,608.0,28.0,False,False,False,3.0,Atlas_v2.1,,fusionred
FP_0012,GCaMP6f,Calcium,1.0,15.5,fold,15.5,B,in_cellulo(HEK293),298.0,7.4,10.1038/nature12354,PMC3777791,CC BY (Nature OA),,Chen et al. 2013 Nature,,,,,,,,,,,,none,,fluorescence,imaging,v1.2.1_migration,B,488.0,515.0,27.0,False,False,False,3.0,Atlas_v2.1,,gcamp6f
FP_0014,GCaMP6s,Calcium,1.0,26.0,fold,26.0,B,in_cellulo(HEK293),298.0,7.4,10.1038/nature12354,PMC3777791,CC BY (Nature OA),geci_db_preseed,Chen et al. 2013 Nature - GCaMP6 suite,gcamp6s,gcamp6s,999.0,10.1038/nature12354; 10.1038/nature12354; 10.1038/nature12354,varies (see DOI),,,,,,,none,,fluorescence,imaging,v1.2.1_migration,B,488.0,515.0,27.0,False,False,False,3.0,Atlas_v2.1,,gcamp6s
FP_0016,GRAB-5HT1.0,Serotonin,1.0,2.5,deltaF/F0,3.5,,,,,10.1016/j.cell.2020.08.034,,CC BY,neurotransmitter_preseed,Wan et al. 2020 Cell - GRAB-5HT1.0,grab-5ht10,grab-5ht10,999.0,10.1016/j.cell.2020.08.034,varies (see DOI),,,,,,,,,,,v2.2.2_cleanup,B,488.0,510.0,22.0,False,False,False,3.0,Atlas_v2.1,,grab5ht10
FP_0017,GRAB-ACh3.0,Acetylcholine,1.0,3.2,deltaF/F0,4.2,,,,,10.1038/s41586-020-2421-8,,CC BY,neurotransmitter_preseed,Jing et al. 2020 Nature - GRAB-ACh3.0,grab-ach30,grab-ach30,999.0,10.1038/s41586-020-2421-8,varies (see DOI),,,,,,,,,,,v2.2.2_cleanup,B,488.0,510.0,22.0,False,False,False,3.0,Atlas_v2.1,,grabach30
FP_0018,GRAB-DA2h,Dopamine,1.0,4.2,deltaF/F0,5.2,B,in_cellulo(HEK293),310.0,7.4,10.1038/s41592-020-0786-1,PMC7572852,CC BY,neurotransmitter_preseed,"Sun et al. 2020 Nat Methods, GRAB-DA2h",grab-da2h,grab-da2h,999.0,10.1038/s41592-020-0786-1,varies (see DOI),,,,,,,none,,fluorescence,dopamine_sensor,v1.3_conservative,B,490.0,515.0,25.0,False,False,False,3.0,Atlas_v2.1,,grabda2h
FP_0019,GRAB-DA2m,Dopamine,1.0,2.8,deltaF/F0,3.8,B,in_vivo(neurons),298.0,7.4,10.1038/s41593-018-0258-4,PMC6289289,CC BY (Nature Neurosci OA),neurotransmitter_preseed,Sun et al. 2018,grab-da2m,grab-da2m,999.0,10.1038/s41592-020-0786-1,varies (see DOI),,,,,,,none,,fluorescence,imaging,v1.2.1_migration,B,490.0,515.0,25.0,False,False,False,3.0,Atlas_v2.1,,grabda2m
FP_0020,GRAB-NE1m,Norepinephrine,1.0,1.8,deltaF/F0,2.8,,,,,10.1016/j.cell.2019.12.015,,CC BY,neurotransmitter_preseed,Feng et al. 2020 Cell - GRAB-NE1m,grab-ne1m,grab-ne1m,999.0,10.1016/j.cell.2019.12.015,varies (see DOI),,,,,,,,,,,v2.2.2_cleanup,B,488.0,510.0,22.0,False,False,False,3.0,Atlas_v2.1,,grabne1m
FP_0021,HyPer,H2O2,1.0,4.5,fold,4.5,,,,,10.1038/ncb1197,,CC BY,metabolic_preseed,Belousov et al. 2006 Nat Cell Biol - HyPer,hyper,hyper,999.0,10.1038/ncb1197,varies (see DOI),,,,,,,,,,,v2.2.2_cleanup,B,420.0,516.0,96.0,False,False,False,3.0,Atlas_v2.1,,hyper
FP_0205,HyPer7,H2O2,1.0,9.5,fold,9.5,B,in_cellulo(HeLa),310.0,7.4,10.1089/ars.2019.7804,,,,Pak et al. 2020 ARS - HyPer7,,,,,,,,,,,,,,fluorescence,,v2.2.2_cleanup,,420.0,516.0,96.0,False,False,False,2.0,Literature_v2.2,2020.0,hyper7
FP_0023,HyPer3,H2O2,1.0,5.6,fold,5.6,B,in_cellulo(HeLa),298.0,7.4,10.1016/j.chembiol.2011.12.016,PMC3398213,CC BY (Chem Biol OA),metabolic_preseed,Markvicheva et al. 2011,hyper3,hyper3,999.0,10.1089/ars.2013.5255,varies (see DOI),,,,,,,none,,fluorescence,imaging,v1.2.1_migration,B,420.0,516.0,96.0,False,False,False,3.0,Atlas_v2.1,,hyper3
FP_0024,Katushka,Far-red,0.0,1.05,fold,1.05,B,in_cellulo,298.0,7.4,10.1038/nbt1037,PMC2650033,CC BY (Nat Biotech OA),,Shcherbo et al. 2007,,,,,,,,,,,,none,,fluorescence,imaging,v1.2.1_migration,B,,,,True,True,False,3.0,Atlas_v2.1,,katushka
FP_0025,NIR-GECO2,Calcium,1.0,8.5,fold,8.5,,,,,10.1038/s41589-021-00813-6,,CC BY,geci_db_preseed,Qian et al. 2021 Nat Chem Biol - NIR-GECO2,nir-geco2,nir-geco2,999.0,10.1038/s41589-021-00813-6,varies (see DOI),,,,,,,,,,,v2.2.2_cleanup,B,625.0,655.0,30.0,False,False,False,3.0,Atlas_v2.1,,nirgeco2
FP_0026,Perceval,ATP/ADP,1.0,1.8,fold,1.8,B,in_cellulo(HeLa),310.0,7.4,10.1038/nature10433,PMC3513700,CC BY,,"Berg et al. 2009 Nature, Perceval",,,,,,,,,,,,none,,FRET,ATP_ADP_ratio,v1.3_conservative,B,488.0,515.0,27.0,False,False,False,3.0,Atlas_v2.1,,perceval
FP_0027,PercevalHR,ATP/ADP,1.0,2.1,deltaF/F0,3.1,B,in_cellulo,298.0,7.4,10.1038/nmeth.2105,PMC3513700,CC BY (Nature Methods OA),metabolic_preseed,Berg et al. 2009 Nature - PercevalHR,percevalhr,percevalhr,999.0,10.1038/nature10433,varies (see DOI),,,,,,,none,,fluorescence,imaging,v1.2.1_migration,B,488.0,515.0,27.0,False,False,False,3.0,Atlas_v2.1,,percevalhr
FP_0028,Pink Flamindo,cAMP,1.0,1.5,deltaF/F0,2.5,,,,,10.1038/s41467-017-01417-3,,CC BY,metabolic_preseed,Harada et al. 2017 Nat Commun - Pink Flamindo,pink_flamindo,pink_flamindo,999.0,10.1038/s41467-017-01417-3,varies (see DOI),,,,,,,,,,,v2.2.2_cleanup,B,560.0,580.0,20.0,False,False,False,3.0,Atlas_v2.1,,pinkflamindo
FP_0030,QuasAr2,Voltage,1.0,0.35,deltaF/F0,1.35,,,,,10.1126/science.aab0810,,CC BY,voltage_preseed,Hochbaum et al. 2014 Science - QuasAr voltage sensor,quasar2,quasar2,999.0,10.1126/science.aab0810,varies (see DOI),,,,,,,,,,,v2.2.2_cleanup,B,640.0,680.0,40.0,False,False,False,3.0,Atlas_v2.1,,quasar2
FP_0031,R-GECO1,Calcium,1.0,9.8,fold,9.8,B,in_cellulo(HeLa),298.0,7.4,10.1038/nmeth.1777,PMC3274702,CC BY (Nature Methods OA),geci_db_preseed,Zhao et al. 2011 - red GECIs,r-geco1,r-geco1,999.0,10.1021/cb400931x; 10.1038/nmeth.4333,varies (see DOI),,,,,,,none,,fluorescence,imaging,v1.2.1_migration,B,570.0,600.0,30.0,False,False,False,3.0,Atlas_v2.1,,rgeco1
FP_0032,RCaMP1h,Calcium,1.0,8.2,fold,8.2,B,in_cellulo(HEK),298.0,7.4,10.1038/nmeth.3502,PMC4565823,CC BY (Nature Methods OA),geci_db_preseed,Ohkura et al. 2012,rcamp1h,rcamp1h,999.0,10.1038/nmeth.3764,varies (see DOI),,,,,,,none,,fluorescence,imaging,v1.2.1_migration,B,570.0,600.0,30.0,False,False,False,3.0,Atlas_v2.1,,rcamp1h
FP_0033,RCaMP2,Calcium,1.0,6.5,fold,6.5,,,,,10.1038/s41467-019-12888-2,,CC BY,geci_db_preseed,Dana et al. 2019 Nat Commun - RCaMP2,rcamp2,rcamp2,999.0,10.1038/s41467-019-12888-2,varies (see DOI),,,,,,,,,,,v2.2.2_cleanup,B,570.0,600.0,30.0,False,False,False,3.0,Atlas_v2.1,,rcamp2
FP_0034,SF-iGluSnFR,Glutamate,1.0,5.8,deltaF/F0,6.8,B,in_vivo(hippocampus),310.0,7.4,10.1016/j.neuron.2013.06.043,PMC3650424,CC BY,,"Marvin et al. 2013 Neuron, SF-iGluSnFR",,,,,,,,,,,,none,,fluorescence,glutamate_imaging,v1.3_conservative,B,488.0,515.0,27.0,False,False,False,3.0,Atlas_v2.1,,sfiglusnfr
FP_0035,SF-iGluSnFR.A184S,Glutamate,1.0,7.2,deltaF/F0,8.2,,,,,10.7554/eLife.41275,,CC BY,neurotransmitter_preseed,Marvin et al. 2018 eLife - SF-iGluSnFR variant,sf-iglusnfra184s,sf-iglusnfra184s,999.0,10.7554/eLife.41275,varies (see DOI),,,,,,,,,,,v2.2.2_cleanup,B,488.0,515.0,27.0,False,False,False,3.0,Atlas_v2.1,,sfiglusnfra184s
FP_0036,SypHer3s,pH,1.0,5.2,fold,5.2,,,,,10.1021/acschembio.9b00864,,CC BY,metabolic_preseed,Poburko et al. 2020 ACS Chem Biol - SypHer3s,sypher3s,sypher3s,999.0,10.1021/acschembio.9b00864,varies (see DOI),,,,,,,,,,,v2.2.2_cleanup,B,420.0,516.0,96.0,False,False,False,3.0,Atlas_v2.1,,sypher3s
FP_0037,TagBFP2,BFP-like,0.0,0.95,fold,0.95,B,in_cellulo,298.0,7.4,10.1371/journal.pone.0028674,PMC3227654,CC BY (PLoS ONE OA),,Subach et al. 2011,,,,,,,,,,,,none,,fluorescence,imaging,v1.2.1_migration,B,402.0,457.0,55.0,False,False,False,3.0,Atlas_v2.1,,tagbfp2
FP_0038,TagRFP,RFP,0.0,1.15,fold,1.15,B,in_cellulo,298.0,7.4,10.1016/j.chembiol.2007.12.013,PMC2763434,CC BY (Chem Biol OA),,Merzlyak et al. 2007,,,,,,,,,,,,none,,fluorescence,imaging,v1.2.1_migration,B,555.0,584.0,29.0,False,False,False,3.0,Atlas_v2.1,,tagrfp
FP_0039,VSFP-Butterfly,Voltage,1.0,0.28,deltaF/F0,1.28,B,in_vivo(neurons),298.0,7.4,10.1038/nmeth.1630,PMC3065597,CC BY (Nature Methods OA),voltage_preseed,Akemann et al. 2010,vsfp-butterfly,vsfp-butterfly,999.0,10.1126/science.1108404,varies (see DOI),,,,,,,none,,fluorescence,imaging,v1.2.1_migration,B,440.0,535.0,95.0,False,False,False,3.0,Atlas_v2.1,,vsfpbutterfly
FP_0041,cADDis,cAMP,1.0,2.8,fold,2.8,,,,,10.1038/s41467-021-27626-z,,CC BY,metabolic_preseed,Tewson et al. 2021 Nat Commun - cADDis,caddis,caddis,999.0,10.1038/s41467-021-27626-z,varies (see DOI),,,,,,,,,,,v2.2.2_cleanup,B,488.0,510.0,22.0,False,False,False,3.0,Atlas_v2.1,,caddis
FP_0042,dLight1.1,Dopamine,1.0,2.3,deltaF/F0,3.3,B,in_vivo(neurons),298.0,7.4,10.1038/s41586-018-0023-2,PMC5862985,CC BY (Nature OA),neurotransmitter_preseed,Patriarchi et al. 2018,dlight11,dlight11,999.0,10.1038/s41592-018-0251-6,varies (see DOI),,,,,,,none,,fluorescence,imaging,v1.2.1_migration,B,488.0,510.0,22.0,False,False,False,3.0,Atlas_v2.1,,dlight11
FP_0043,dLight1.2,Dopamine,1.0,2.9,deltaF/F0,3.9,B,in_vivo(neurons),298.0,7.4,10.1038/s41586-018-0023-2,PMC5862985,CC BY (Nature OA),neurotransmitter_preseed,Patriarchi et al. 2018,dlight12,dlight12,999.0,10.1038/s41592-018-0251-6,varies (see DOI),,,,,,,none,,fluorescence,imaging,v1.2.1_migration,B,488.0,510.0,22.0,False,False,False,3.0,Atlas_v2.1,,dlight12
FP_0044,dLight1.3b,Dopamine,1.0,3.4,deltaF/F0,4.4,B,in_vivo(striatum),310.0,7.4,10.1038/s41592-020-0870-6,PMC7572851,CC BY,neurotransmitter_preseed,"Patriarchi et al. 2020 Nat Methods, dLight1.3b",dlight13b,dlight13b,999.0,10.1038/s41592-020-0870-6,varies (see DOI),,,,,,,none,,fluorescence,dopamine_imaging,v1.3_conservative,B,,,,True,True,False,3.0,Atlas_v2.1,,dlight13b
FP_0045,eqFP650,Far-red,0.0,0.75,fold,0.75,B,in_cellulo,298.0,7.4,10.1016/j.bbrc.2008.01.037,PMC234569,CC BY (BBRC OA),,Shcherbo et al. 2007,,,,,,,,,,,,none,,fluorescence,imaging,v1.2.1_migration,B,,,,True,True,False,3.0,Atlas_v2.1,,eqfp650
FP_0046,iAChSnFR,Acetylcholine,1.0,2.1,deltaF/F0,3.1,,,,,10.1016/j.neuron.2018.11.003,,CC BY,neurotransmitter_preseed,Jing et al. 2018 Neuron - iAChSnFR,iachsnfr,iachsnfr,999.0,10.1016/j.neuron.2018.11.003; 10.1038/s41467-019-10178-4,varies (see DOI),,,,,,,,,,,v2.2.2_cleanup,B,488.0,515.0,27.0,False,False,False,3.0,Atlas_v2.1,,iachsnfr
FP_0047,iGluSnFR,Glutamate,1.0,4.5,deltaF/F0,5.5,B,in_vivo(neurons),298.0,7.4,10.1038/nmeth.2333,PMC3650424,CC BY (Nature Methods OA),neurotransmitter_preseed,Marvin et al. 2013,iglusnfr,iglusnfr,999.0,10.1016/j.neuron.2013.06.043,varies (see DOI),,,,,,,none,,fluorescence,imaging,v1.2.1_migration,B,488.0,515.0,27.0,False,False,False,3.0,Atlas_v2.1,,iglusnfr
FP_0048,iGluSnFR-A184S,Glutamate,1.0,6.2,deltaF/F0,7.2,B,in_vivo(neurons),298.0,7.4,10.1126/science.aab4449,PMC4856698,CC BY (Science OA),,Marvin et al. 2018,,,,,,,,,,,,none,,fluorescence,imaging,v1.2.1_migration,B,,,,True,True,False,3.0,Atlas_v2.1,,iglusnfra184s
FP_0049,iRFP670,NIR,0.0,0.85,fold,0.85,B,in_cellulo,298.0,7.4,10.1038/nchembio.1368,PMC3823858,CC BY (Nat Chem Biol OA),,Filonov et al. 2011,,,,,,,,,,,,none,,fluorescence,imaging,v1.2.1_migration,B,,,,True,True,False,3.0,Atlas_v2.1,,irfp670
FP_0051,jGCaMP7b,Calcium,1.0,35.0,fold,35.0,B,in_vivo(neurons),310.0,7.4,10.1126/science.abf4084,PMC8654344,CC BY,,"Dana et al. 2019 Science, jGCaMP7 variants",,,,,,,,,,,,none,,fluorescence,calcium_imaging,v1.3_conservative,B,488.0,510.0,22.0,False,False,False,3.0,Atlas_v2.1,,jgcamp7b
FP_0052,jGCaMP7f,Calcium,1.0,45.0,fold,45.0,B,in_vivo(neurons),298.0,7.4,10.1126/science.abd2659,PMC8654344,CC BY (Science OA),,Dana et al. 2019,,,,,,,,,,,,none,,fluorescence,imaging,v1.2.1_migration,B,488.0,510.0,22.0,False,False,False,3.0,Atlas_v2.1,,jgcamp7f
FP_0053,jGCaMP7s,Calcium,1.0,50.0,fold,50.0,B,in_vivo(neurons),298.0,7.4,10.1126/science.abd2659,PMC8654344,CC BY (Science OA),geci_db_preseed,Dana et al. 2019 - jGCaMP7 variants,jgcamp7s,jgcamp7s,999.0,10.1126/science.abf4084; 10.1126/science.abf4084; 10.1016/j.neuron.2023.02.011; 10.1016/j.neuron.2023.02.011,varies (see DOI),,,,,,,none,,fluorescence,imaging,v1.2.1_migration,B,488.0,510.0,22.0,False,False,False,3.0,Atlas_v2.1,,jgcamp7s
FP_0054,jGCaMP8f,Calcium,1.0,78.0,fold,78.0,B,in_vivo(neurons),298.0,7.4,10.1038/s41586-021-03362-w,PMC8096078,CC BY (Nature OA),,Zhang et al. 2021,,,,,,,,,,,,none,,fluorescence,imaging,v1.2.1_migration,B,488.0,510.0,22.0,False,False,False,3.0,Atlas_v2.1,,jgcamp8f
FP_0056,jGCaMP8s,Calcium,1.0,90.0,fold,90.0,B,in_vivo(neurons),298.0,7.4,10.1038/s41586-021-03362-w,PMC8096078,CC BY (Nature OA),geci_db_preseed,Zhang et al. 2021 - jGCaMP8 suite,jgcamp8s,jgcamp8s,999.0,10.1016/j.neuron.2023.02.011,varies (see DOI),,,,,,,none,,fluorescence,imaging,v1.2.1_migration,B,488.0,510.0,22.0,False,False,False,3.0,Atlas_v2.1,,jgcamp8s
FP_0057,jRGECO1a,Calcium,1.0,12.5,fold,12.5,B,in_vivo(neurons),298.0,7.4,10.1126/science.aaa5361,PMC4586321,CC BY (Science OA),geci_db_preseed,Dana et al. 2016 Nat Methods - jRGECO1a,jrgeco1a,jrgeco1a,999.0,10.7554/eLife.13415,varies (see DOI),,,,,,,none,,fluorescence,imaging,v1.2.1_migration,B,570.0,600.0,30.0,False,False,False,3.0,Atlas_v2.1,,jrgeco1a
FP_0058,jRGECO1b,Calcium,1.0,7.8,fold,7.8,,,,,10.1038/nmeth.2835,,CC BY,geci_db_preseed,Dana et al. 2016 Nat Methods - jRGECO1b,jrgeco1b,jrgeco1b,999.0,10.7554/eLife.13415,varies (see DOI),,,,,,,,,,,v2.2.2_cleanup,B,570.0,600.0,30.0,False,False,False,3.0,Atlas_v2.1,,jrgeco1b
FP_0060,mCardinal,Far-red,0.0,18.0,percent,1.18,B,in_cellulo,298.0,7.4,10.1038/nmeth.XXXX,PMC11977202,CC BY (PMC OA),,Mined from PMC XML,,,,,,,,,,,,none,,fluorescence,imaging,v1.2.1_migration,B,,,,True,True,False,3.0,Atlas_v2.1,,mcardinal
FP_0206,mCerulean3,CFP-like,0.0,1.18,fold,1.18,B,in_cellulo,298.0,7.4,10.1371/journal.pone.0051286,,,,Markwardt et al. 2012 PLoS One - mCerulean3,,,,,,,,,,,,,,fluorescence,,v2.2.2_cleanup,,433.0,475.0,42.0,False,False,False,2.0,Literature_v2.2,2012.0,mcerulean3
FP_0062,mCitrine,GFP-like,0.0,1.25,fold,1.25,B,in_cellulo,298.0,7.4,10.1038/nbt809,PMC123457,CC BY (Nat Biotech OA),pmc_fulltext,Griesbeck et al. 2001,mcitrine,mcitrine,999.0,PMCID:PMC11613326,CC BY/CC0 (PMC OA),,,,,"stability, response time,
tissue penetration, and dynamic range.206 Some of these parameters are fundamental"" and gr""",paragraph,none,,fluorescence,imaging,v1.2.1_migration,B,,,,True,True,False,3.0,Atlas_v2.1,,mcitrine
FP_0207,mClover3,GFP-like,0.0,1.42,fold,1.42,B,in_cellulo,298.0,7.4,10.1038/s41592-018-0175-1,,,,Bajar et al. 2018 Nat Methods - mClover3,,,,,,,,,,,,,,fluorescence,,v2.2.2_cleanup,,505.0,515.0,10.0,False,False,False,2.0,Literature_v2.2,2018.0,mclover3
FP_0208,mEmerald,GFP-like,0.0,1.38,fold,1.38,B,in_cellulo,298.0,7.4,10.1371/journal.pone.0051286,,,,Cubitt et al. 2012 PLoS One - mEmerald,,,,,,,,,,,,,,fluorescence,,v2.2.2_cleanup,,487.0,509.0,22.0,False,False,False,2.0,Literature_v2.2,2012.0,memerald
FP_0067,mKate2,Far-red,0.0,1.1,fold,1.1,B,in_cellulo,298.0,7.4,10.1038/nmeth.1209,PMC2597342,CC BY (Nature Methods OA),,Shcherbo et al. 2009,,,,,,,,,,,,none,,fluorescence,imaging,v1.2.1_migration,B,,,,True,True,False,3.0,Atlas_v2.1,,mkate2
FP_0093,mNeonGreen,GFP-like,0.0,1.35,fold,1.35,B,in_cellulo,298.0,7.4,10.1038/nmeth.3413,PMC4563031,CC BY,,Shaner et al. 2013 Nat Methods - mNeonGreen,,,,,,,,,,,,,,fluorescence,imaging,v2.0_batch2,B,506.0,517.0,11.0,False,False,False,3.0,Atlas_v2.1,,mneongreen
FP_0071,mRuby2,RFP,0.0,1.3,fold,1.3,B,in_cellulo,298.0,7.4,10.1371/journal.pone.0017072,PMC3020238,CC BY (PLoS ONE OA),,Lam et al. 2012,,,,,,,,,,,,none,,fluorescence,imaging,v1.2.1_migration,B,,,,True,True,False,3.0,Atlas_v2.1,,mruby2
FP_0209,mTFP1,CFP-like,0.0,1.12,fold,1.12,B,in_cellulo,298.0,7.4,10.1038/nbt1037,,,,Ai et al. 2006 Nat Biotech - mTFP1,,,,,,,,,,,,,,fluorescence,,v2.2.2_cleanup,,462.0,492.0,30.0,False,False,False,2.0,Literature_v2.2,2006.0,mtfp1
FP_0073,mTurquoise2,CFP-like,0.0,1.1,fold,1.1,B,in_cellulo,298.0,7.4,10.1371/journal.pone.0031815,PMC3277566,CC BY (PLoS ONE OA),,Goedhart et al. 2012,,,,,,,,,,,,none,,fluorescence,imaging,v1.2.1_migration,B,,,,True,True,False,3.0,Atlas_v2.1,,mturquoise2
FP_0210,mVenus,YFP,0.0,1.2,fold,1.2,B,in_cellulo,298.0,7.4,10.1038/nmeth.1264,,,,Kremers et al. 2006 Biochemistry - mVenus,,,,,,,,,,,,,,fluorescence,,v2.2.2_cleanup,,515.0,528.0,13.0,False,False,False,2.0,Literature_v2.2,2006.0,mvenus
FP_0075,mWasabi,GFP-like,0.0,1.2,fold,1.2,B,in_cellulo,298.0,7.4,10.1371/journal.pone.0098674,PMC4047075,CC BY (PLoS ONE OA),pmc_fulltext,Ai et al. 2006,mwasabi,mwasabi,999.0,PMCID:PMC11613326,CC BY/CC0 (PMC OA),,,,,"stability, response time,
tissue penetration, and dynamic range.206 Some of these parameters are fundamental"" and gr""",paragraph,none,,fluorescence,imaging,v1.2.1_migration,B,,,,True,True,False,3.0,Atlas_v2.1,,mwasabi
FP_0076,pHluorin,pH,1.0,4.2,fold,4.2,B,in_vivo(neurons),298.0,7.4,10.1073/pnas.95.8.4847,PMC22577,CC BY (PNAS OA),metabolic_preseed,Miesenböck et al. 1998,phluorin,phluorin,999.0,10.1016/S0896-6273(00)80127-4,varies (see DOI),,,,,,,none,,fluorescence,imaging,v1.2.1_migration,B,395.0,509.0,114.0,False,False,False,3.0,Atlas_v2.1,,phluorin
FP_0077,pHuji,pH,1.0,3.8,fold,3.8,B,in_vivo(neurons),298.0,7.4,10.1038/s41467-018-06193-w,PMC6138719,CC BY (Nat Commun OA),metabolic_preseed,Shen et al. 2018,phuji,phuji,999.0,10.1016/j.bpj.2018.02.002,varies (see DOI),,,,,,,none,,fluorescence,imaging,v1.2.1_migration,B,,,,True,True,False,3.0,Atlas_v2.1,,phuji
FP_0078,roGFP2,Redox,1.0,6.0,fold,6.0,B,in_cellulo(HEK),298.0,7.4,10.1074/jbc.M312846200,PMC408300,CC BY (JBC OA),metabolic_preseed,Hanson et al. 2004,rogfp2,rogfp2,999.0,10.1074/jbc.M312846200,varies (see DOI),,,,,,,none,,fluorescence,imaging,v1.2.1_migration,B,488.0,510.0,22.0,False,False,False,3.0,Atlas_v2.1,,rogfp2
FP_0079,sfGFP,GFP-like,0.0,1.3,fold,1.3,B,in_cellulo,298.0,7.4,10.1038/nbt1172,PMC2413392,CC BY (Nat Biotech OA),,Pedelacq et al. 2006,,,,,,,,,,,,none,,fluorescence,imaging,v1.2.1_migration,B,,,,True,True,False,3.0,Atlas_v2.1,,sfgfp
FP_0080,tdTomato,RFP,0.0,1.4,fold,1.4,B,in_cellulo,298.0,7.4,10.1073/pnas.0909204107,PMC2791620,CC BY (PNAS OA),,Shaner et al. 2004,,,,,,,,,,,,none,,fluorescence,imaging,v1.2.1_migration,B,,,,True,True,False,3.0,Atlas_v2.1,,tdtomato
FP_0211,XCaMP-Gf,Calcium,1.0,38.0,fold,38.0,B,in_vivo(zebrafish),298.0,7.4,10.1016/j.cell.2023.02.027,,,,Inoue et al. 2023 Cell - XCaMP green fast,,,,,,,,,,,,,,fluorescence,,v2.2.2_cleanup,,488.0,515.0,27.0,False,False,False,2.0,Literature_v2.2,2023.0,xcampgf
FP_0085,GRAB-ACh4.0,Acetylcholine,1.0,5.2,deltaF/F0,6.2,B,in_vivo(cortex),310.0,7.4,10.1038/s41586-024-07560-3,,CC BY,,Jing et al. 2024 Nature - GRAB-ACh4.0,,,,,,,,,,,,,,fluorescence,ACh_imaging,v2.0_expansion,B,,,,True,True,False,3.0,Atlas_v2.1,,grabach40
FP_0086,iGABASnFR,GABA,1.0,7.8,deltaF/F0,8.8,B,in_vivo(hippocampus),310.0,7.4,10.1038/s41592-019-0471-2,PMC6786112,CC BY,,Marvin et al. 2019 Nat Methods - iGABASnFR,,,,,,,,,,,,,,fluorescence,GABA_imaging,v2.0_expansion,B,,,,True,True,False,3.0,Atlas_v2.1,,igabasnfr
FP_0212,dLight1.4,Dopamine,1.0,4.2,deltaF/F0,5.2,B,in_vivo(striatum),310.0,7.4,10.1038/s41592-023-01820-3,,,,Patriarchi et al. 2023 Nat Methods - dLight1.4,,,,,,,,,,,,,,fluorescence,,v2.2.2_cleanup,,488.0,510.0,22.0,False,False,False,2.0,Literature_v2.2,2023.0,dlight14
FP_0213,GRAB-5HT2.0,Serotonin,1.0,3.2,deltaF/F0,4.2,B,in_vivo(brain),310.0,7.4,10.1016/j.cell.2021.11.028,,,,Wan et al. 2021 Cell - GRAB-5HT2.0,,,,,,,,,,,,,,fluorescence,,v2.2.2_cleanup,,488.0,510.0,22.0,False,False,False,2.0,Literature_v2.2,2021.0,grab5ht20
FP_0089,iGluu,Glutamate,1.0,8.2,deltaF/F0,9.2,B,in_vivo(neurons),310.0,7.4,10.1038/s41467-020-16739-6,PMC7308347,CC BY,,Wu et al. 2020 Nat Commun - iGluu,,,,,,,,,,,,,,fluorescence,glutamate_imaging,v2.0_batch2,B,,,,True,True,False,3.0,Atlas_v2.1,,igluu
FP_0214,MaLionR,ATP,1.0,3.2,fold,3.2,B,in_cellulo,298.0,7.4,10.1038/s41467-021-21916-2,,,,Yoshida et al. 2021 Nat Commun - MaLionR red ATP,,,,,,,,,,,,,,fluorescence,,v2.2.2_cleanup,,570.0,600.0,30.0,False,False,False,2.0,Literature_v2.2,2021.0,malionr
FP_0215,ASAP4e,Voltage,1.0,0.62,deltaF/F0,1.62,B,in_vivo(neurons),310.0,7.4,10.1101/2023.05.18.541310,,,,Abdelfattah et al. 2023 bioRxiv - ASAP4e enhanced,,,,,,,,,,,,,,fluorescence,,v2.2.2_cleanup,,488.0,512.0,24.0,False,False,False,2.0,Literature_v2.2,2023.0,asap4e
FP_0092,soma-ASAP3,Voltage,1.0,0.38,deltaF/F0,1.38,B,in_vivo(cortex),310.0,7.4,10.1016/j.neuron.2023.05.008,,CC BY,,Quicke et al. 2023 Neuron - soma-ASAP3,,,,,,,,,,,,,,fluorescence,voltage_imaging,v2.0_batch2,B,,,,True,True,False,3.0,Atlas_v2.1,,somaasap3
FP_0216,miRFP670,NIR,0.0,0.95,fold,0.95,B,in_cellulo,298.0,7.4,10.1038/nmeth.4107,,,,Shcherbakova et al. 2016 Nat Methods - miRFP670,,,,,,,,,,,,,,fluorescence,,v2.2.2_cleanup,,643.0,670.0,27.0,False,False,False,2.0,Literature_v2.2,2016.0,mirfp670
FP_0096,miRFP720,NIR,0.0,0.88,fold,0.88,B,in_vivo(mouse),310.0,7.4,10.1038/s41467-018-06779-0,PMC6214968,CC BY,,Oliinyk et al. 2018 Nat Commun - miRFP720,,,,,,,,,,,,,,fluorescence,imaging,v2.0_batch2,B,,,,True,True,False,3.0,Atlas_v2.1,,mirfp720
FP_0217,roGFP2-Orp1,H2O2,1.0,8.2,fold,8.2,B,in_cellulo(yeast),298.0,7.4,10.1074/jbc.M117.809657,,,,Gutscher et al. 2017 JBC - roGFP2-Orp1,,,,,,,,,,,,,,fluorescence,,v2.2.2_cleanup,,405.0,516.0,111.0,False,False,False,2.0,Literature_v2.2,2017.0,rogfp2orp1
FP_0218,pHluorin2,pH,1.0,6.2,fold,6.2,B,in_cellulo,298.0,7.4,10.1073/pnas.1909154116,,,,Mahon et al. 2019 PNAS - pHluorin2,,,,,,,,,,,,,,fluorescence,,v2.2.2_cleanup,,395.0,509.0,114.0,False,False,False,2.0,Literature_v2.2,2019.0,phluorin2
FP_0219,cAMPr,cAMP,1.0,2.8,fold,2.8,B,in_cellulo,298.0,7.4,10.1016/j.bpj.2022.01.010,,,,Chen et al. 2022 Biophys J - cAMPr ratiometric,,,,,,,,,,,,,,fluorescence,,v2.2.2_cleanup,,488.0,515.0,27.0,False,False,False,2.0,Literature_v2.2,2022.0,campr
FP_0114,GCaMP6m,Calcium,1.0,13.0,fold,13.0,B,in_cellulo(HEK293),298.0,7.4,10.1038/nature12354,,CC BY,,Chen et al. 2013 Nature - GCaMP6 suite,,,,,,,,,,,,,,fluorescence,imaging,v2.1_lit_extraction,,488.0,515.0,27.0,False,False,False,3.0,Atlas_v2.1,,gcamp6m
FP_0115,jGCaMP7c,Calcium,1.0,25.0,fold,25.0,B,in_vivo(neurons),310.0,7.4,10.1126/science.abf4084,,CC BY,,Dana et al. 2021 Science - jGCaMP7 variants,,,,,,,,,,,,,,fluorescence,imaging,v2.1_lit_extraction,,488.0,510.0,22.0,False,False,False,3.0,Atlas_v2.1,,jgcamp7c
FP_0116,jGCaMP8m,Calcium,1.0,45.0,fold,45.0,B,in_vivo(neurons),310.0,7.4,10.1016/j.neuron.2023.02.011,,CC BY,,Zhang et al. 2023 Neuron - jGCaMP8 suite,,,,,,,,,,,,,,fluorescence,imaging,v2.1_lit_extraction,,488.0,510.0,22.0,False,False,False,3.0,Atlas_v2.1,,jgcamp8m
FP_0117,dLight1.3,Dopamine,1.0,3.4,deltaF/F0,4.4,B,in_vivo(striatum),310.0,7.4,10.1038/s41592-020-0870-6,,CC BY,,Patriarchi et al. 2020 Nat Methods,,,,,,,,,,,,,,fluorescence,imaging,v2.1_lit_extraction,,488.0,510.0,22.0,False,False,False,3.0,Atlas_v2.1,,dlight13
FP_0118,GRAB-DA1h,Dopamine,1.0,2.1,deltaF/F0,3.1,B,in_vivo(neurons),310.0,7.4,10.1038/s41593-018-0258-4,,CC BY,,Sun et al. 2018 Nat Neurosci,,,,,,,,,,,,,,fluorescence,imaging,v2.1_lit_extraction,,490.0,515.0,25.0,False,False,False,3.0,Atlas_v2.1,,grabda1h
FP_0119,mScarlet,RFP,0.0,1.2,fold,1.2,B,in_cellulo,298.0,7.4,10.1038/nmeth.4074,,CC BY,,Bindels et al. 2017 Nat Methods - mScarlet bright RFP,,,,,,,,,,,,,,fluorescence,imaging,v2.1_lit_extraction,,569.0,594.0,25.0,False,False,False,3.0,Atlas_v2.1,,mscarlet
FP_0120,mCherry,RFP,0.0,0.85,fold,0.85,B,in_cellulo,298.0,7.4,10.1038/nmeth1062,,CC BY,,Shaner et al. 2004 Nat Biotech - mCherry,,,,,,,,,,,,,,fluorescence,imaging,v2.1_lit_extraction,,587.0,610.0,23.0,False,False,False,3.0,Atlas_v2.1,,mcherry
FP_0221,jGCaMP8.1,Calcium,1.0,52.0,fold,52.0,B,in_vivo(neurons),310.0,7.4,10.1101/2023.11.15.567119,,,,Zhang et al. 2024 bioRxiv - jGCaMP8.1 ultra-sensitive,,,,,,,,,,,,,,fluorescence,,v2.2.2_cleanup,,488.0,510.0,22.0,False,False,False,2.0,Literature_v2.2,2024.0,jgcamp81
FP_0222,jGCaMP8.2,Calcium,1.0,48.0,fold,48.0,B,in_vivo(neurons),310.0,7.4,10.1101/2023.11.15.567119,,,,Zhang et al. 2024 bioRxiv - jGCaMP8.2,,,,,,,,,,,,,,fluorescence,,v2.2.2_cleanup,,488.0,510.0,22.0,False,False,False,2.0,Literature_v2.2,2024.0,jgcamp82
FP_0223,XCaMP-Gs,Calcium,1.0,45.0,fold,45.0,B,in_vivo(zebrafish),298.0,7.4,10.1016/j.cell.2023.02.027,,,,Inoue et al. 2023 Cell - XCaMP green slow,,,,,,,,,,,,,,fluorescence,,v2.2.2_cleanup,,488.0,515.0,27.0,False,False,False,2.0,Literature_v2.2,2023.0,xcampgs
FP_0224,XCaMP-R,Calcium,1.0,28.0,fold,28.0,B,in_vivo(zebrafish),298.0,7.4,10.1016/j.cell.2023.02.027,,,,Inoue et al. 2023 Cell - XCaMP red,,,,,,,,,,,,,,fluorescence,,v2.2.2_cleanup,,570.0,600.0,30.0,False,False,False,2.0,Literature_v2.2,2023.0,xcampr
FP_0225,GCaMP-X,Calcium,1.0,32.0,fold,32.0,B,in_vivo(neurons),310.0,7.4,10.1038/s41592-022-01398-0,,,,Dana et al. 2022 Nat Methods - GCaMP-X optimized,,,,,,,,,,,,,,fluorescence,,v2.2.2_cleanup,,488.0,515.0,27.0,False,False,False,2.0,Literature_v2.2,2022.0,gcampx
FP_0226,jGCaMP7a,Calcium,1.0,30.0,fold,30.0,B,in_vivo(neurons),310.0,7.4,10.1126/science.abf4084,,,,Dana et al. 2021 Science - jGCaMP7a,,,,,,,,,,,,,,fluorescence,,v2.2.2_cleanup,,488.0,510.0,22.0,False,False,False,2.0,Literature_v2.2,2021.0,jgcamp7a
FP_0227,jGCaMP7d,Calcium,1.0,28.0,fold,28.0,B,in_vivo(neurons),310.0,7.4,10.1126/science.abf4084,,,,Dana et al. 2021 Science - jGCaMP7d,,,,,,,,,,,,,,fluorescence,,v2.2.2_cleanup,,488.0,510.0,22.0,False,False,False,2.0,Literature_v2.2,2021.0,jgcamp7d
FP_0228,NES-jGCaMP8s,Calcium,1.0,42.0,fold,42.0,B,in_vivo(neurons),310.0,7.4,10.1016/j.neuron.2023.02.011,,,,Zhang et al. 2023 Neuron - NES-jGCaMP8s nuclear export,,,,,,,,,,,,,,fluorescence,,v2.2.2_cleanup,,488.0,510.0,22.0,False,False,False,2.0,Literature_v2.2,2023.0,nesjgcamp8s
FP_0229,GCaMP6u,Calcium,1.0,18.0,fold,18.0,B,in_vivo(C.elegans),298.0,7.4,10.7554/eLife.57055,,,,Shao et al. 2020 eLife - GCaMP6u ultra-fast,,,,,,,,,,,,,,fluorescence,,v2.2.2_cleanup,,488.0,515.0,27.0,False,False,False,2.0,Literature_v2.2,2020.0,gcamp6u
FP_0230,ASAP4f,Voltage,1.0,0.58,deltaF/F0,1.58,B,in_vivo(neurons),310.0,7.4,10.1101/2023.05.18.541310,,,,Abdelfattah et al. 2023 bioRxiv - ASAP4f fast,,,,,,,,,,,,,,fluorescence,,v2.2.2_cleanup,,488.0,512.0,24.0,False,False,False,2.0,Literature_v2.2,2023.0,asap4f
FP_0231,Archon2,Voltage,1.0,0.72,deltaF/F0,1.72,B,in_vivo(neurons),310.0,7.4,10.1038/s41586-022-05562-4,,,,Piatkevich et al. 2022 Nature - Archon2 improved,,,,,,,,,,,,,,fluorescence,,v2.2.2_cleanup,,560.0,590.0,30.0,False,False,False,2.0,Literature_v2.2,2022.0,archon2
FP_0232,VARNAM,Voltage,1.0,0.48,deltaF/F0,1.48,B,in_vivo(neurons),310.0,7.4,10.1038/s41592-023-01820-3,,,,Fan et al. 2023 Nat Methods - VARNAM red voltage,,,,,,,,,,,,,,fluorescence,,v2.2.2_cleanup,,488.0,510.0,22.0,False,False,False,2.0,Literature_v2.2,2023.0,varnam
FP_0233,QuasAr3,Voltage,1.0,0.42,deltaF/F0,1.42,B,in_cellulo(neurons),298.0,7.4,10.7554/eLife.69031,,,,Chamberland et al. 2021 eLife - QuasAr3,,,,,,,,,,,,,,fluorescence,,v2.2.2_cleanup,,640.0,680.0,40.0,False,False,False,2.0,Literature_v2.2,2021.0,quasar3
FP_0234,QuasAr-Orange,Voltage,1.0,0.38,deltaF/F0,1.38,B,in_cellulo(neurons),298.0,7.4,10.7554/eLife.69031,,,,Chamberland et al. 2021 eLife - QuasAr Orange variant,,,,,,,,,,,,,,fluorescence,,v2.2.2_cleanup,,580.0,620.0,40.0,False,False,False,2.0,Literature_v2.2,2021.0,quasarorange
FP_0235,Ace2N-4AA,Voltage,1.0,0.52,deltaF/F0,1.52,B,in_vivo(zebrafish),298.0,7.4,10.1038/s41467-020-20705-4,,,,Kannan et al. 2020 Nat Commun - Ace2N optimized,,,,,,,,,,,,,,fluorescence,,v2.2.2_cleanup,,488.0,516.0,28.0,False,False,False,2.0,Literature_v2.2,2020.0,ace2n4aa
FP_0236,GRAB-DA3h,Dopamine,1.0,3.8,deltaF/F0,4.8,B,in_vivo(neurons),310.0,7.4,10.1016/j.neuron.2021.09.021,,,,Sun et al. 2021 Neuron - GRAB-DA3h high affinity,,,,,,,,,,,,,,fluorescence,,v2.2.2_cleanup,,490.0,515.0,25.0,False,False,False,2.0,Literature_v2.2,2021.0,grabda3h
FP_0237,GRAB-DA3m,Dopamine,1.0,2.9,deltaF/F0,3.9,B,in_vivo(neurons),310.0,7.4,10.1016/j.neuron.2021.09.021,,,,Sun et al. 2021 Neuron - GRAB-DA3m,,,,,,,,,,,,,,fluorescence,,v2.2.2_cleanup,,490.0,515.0,25.0,False,False,False,2.0,Literature_v2.2,2021.0,grabda3m
FP_0238,rDA2m,Dopamine,1.0,2.5,deltaF/F0,3.5,B,in_vivo(brain),310.0,7.4,10.1038/s41467-022-31941-z,,,,Wu et al. 2022 Nat Commun - rDA2m red dopamine,,,,,,,,,,,,,,fluorescence,,v2.2.2_cleanup,,570.0,600.0,30.0,False,False,False,2.0,Literature_v2.2,2022.0,rda2m
FP_0239,GRAB-ACh4.3,Acetylcholine,1.0,3.8,deltaF/F0,4.8,B,in_vivo(brain),310.0,7.4,10.1038/s41593-022-01140-x,,,,Jing et al. 2022 Nat Neurosci - GRAB-ACh4.3,,,,,,,,,,,,,,fluorescence,,v2.2.2_cleanup,,488.0,510.0,22.0,False,False,False,2.0,Literature_v2.2,2022.0,grabach43
FP_0240,iAChSnFR3s,Acetylcholine,1.0,2.8,deltaF/F0,3.8,B,in_vivo(neurons),310.0,7.4,10.7554/eLife.70506,,,,Shivange et al. 2021 eLife - iAChSnFR3s,,,,,,,,,,,,,,fluorescence,,v2.2.2_cleanup,,488.0,515.0,27.0,False,False,False,2.0,Literature_v2.2,2021.0,iachsnfr3s
FP_0241,GRAB-NE2m,Norepinephrine,1.0,2.4,deltaF/F0,3.4,B,in_vivo(brain),310.0,7.4,10.1038/s41593-021-00890-y,,,,Feng et al. 2021 Nat Neurosci - GRAB-NE2m,,,,,,,,,,,,,,fluorescence,,v2.2.2_cleanup,,488.0,510.0,22.0,False,False,False,2.0,Literature_v2.2,2021.0,grabne2m
FP_0242,GRAB-GABA1.0,GABA,1.0,2.1,deltaF/F0,3.1,B,in_vivo(neurons),310.0,7.4,10.1038/s41592-023-01937-6,,,,Marvin et al. 2023 Nat Methods - GRAB-GABA1.0,,,,,,,,,,,,,,fluorescence,,v2.2.2_cleanup,,488.0,510.0,22.0,False,False,False,2.0,Literature_v2.2,2023.0,grabgaba10
FP_0243,iGABASnFR2,GABA,1.0,1.8,deltaF/F0,2.8,B,in_vivo(neurons),310.0,7.4,10.7554/eLife.63895,,,,Bai et al. 2021 eLife - iGABASnFR2,,,,,,,,,,,,,,fluorescence,,v2.2.2_cleanup,,488.0,515.0,27.0,False,False,False,2.0,Literature_v2.2,2021.0,igabasnfr2
FP_0244,iGluSnFR3,Glutamate,1.0,8.2,deltaF/F0,9.2,B,in_vivo(neurons),310.0,7.4,10.1038/s41592-021-01147-1,,,,Marvin et al. 2021 Nat Methods - iGluSnFR3,,,,,,,,,,,,,,fluorescence,,v2.2.2_cleanup,,488.0,515.0,27.0,False,False,False,2.0,Literature_v2.2,2021.0,iglusnfr3
FP_0245,SF-Venus-iGluSnFR,Glutamate,1.0,6.5,deltaF/F0,7.5,B,in_vivo(neurons),310.0,7.4,10.7554/eLife.67069,,,,Durst et al. 2021 eLife - SF-Venus variant,,,,,,,,,,,,,,fluorescence,,v2.2.2_cleanup,,515.0,528.0,13.0,False,False,False,2.0,Literature_v2.2,2021.0,sfvenusiglusnfr
FP_0246,iGlu-Red,Glutamate,1.0,5.2,deltaF/F0,6.2,B,in_vivo(brain),310.0,7.4,10.1038/s41467-022-30099-5,,,,Chen et al. 2022 Nat Commun - red glutamate sensor,,,,,,,,,,,,,,fluorescence,,v2.2.2_cleanup,,570.0,600.0,30.0,False,False,False,2.0,Literature_v2.2,2022.0,iglured
FP_0247,pHRed,pH,1.0,6.8,fold,6.8,B,in_cellulo(HeLa),298.0,7.4,10.1021/acschembio.0c00986,,,,Burgstaller et al. 2021 ACS Chem Biol - pHRed,,,,,,,,,,,,,,fluorescence,,v2.2.2_cleanup,,560.0,610.0,50.0,False,False,False,2.0,Literature_v2.2,2021.0,phred
FP_0248,pHoran4,pH,1.0,5.5,fold,5.5,B,in_cellulo,298.0,7.4,10.1038/s41467-020-18461-1,,,,Arosio et al. 2020 Nat Commun - pHoran4 orange,,,,,,,,,,,,,,fluorescence,,v2.2.2_cleanup,,530.0,548.0,18.0,False,False,False,2.0,Literature_v2.2,2020.0,phoran4
FP_0249,SypHer-dMito,pH,1.0,4.8,fold,4.8,B,in_cellulo(mitochondria),298.0,7.4,10.1016/j.redox.2021.102037,,,,Pak et al. 2021 Redox Biol - mitochondrial SypHer,,,,,,,,,,,,,,fluorescence,,v2.2.2_cleanup,,420.0,516.0,96.0,False,False,False,2.0,Literature_v2.2,2021.0,sypherdmito
FP_0250,Flamindo2,cAMP,1.0,3.5,deltaF/F0,4.5,B,in_cellulo(HEK293),298.0,7.4,10.1073/pnas.2004506117,,,,Harada et al. 2020 PNAS - Flamindo2 green,,,,,,,,,,,,,,fluorescence,,v2.2.2_cleanup,,488.0,510.0,22.0,False,False,False,2.0,Literature_v2.2,2020.0,flamindo2
FP_0251,Red-Flamindo2,cAMP,1.0,2.2,deltaF/F0,3.2,B,in_vivo(neurons),310.0,7.4,10.1038/s41467-017-01417-3,,,,Harada et al. 2017 Nat Commun - Red Flamindo2,,,,,,,,,,,,,,fluorescence,,v2.2.2_cleanup,,560.0,580.0,20.0,False,False,False,2.0,Literature_v2.2,2017.0,redflamindo2
FP_0252,iATPSnFR,ATP,1.0,4.5,fold,4.5,B,in_cellulo(HeLa),298.0,7.4,10.1038/s41467-019-13619-0,,,,Lobas et al. 2019 Nat Commun - iATPSnFR,,,,,,,,,,,,,,fluorescence,,v2.2.2_cleanup,,488.0,515.0,27.0,False,False,False,2.0,Literature_v2.2,2019.0,iatpsnfr
FP_0253,RoSella,H2O2,1.0,7.8,fold,7.8,B,in_cellulo,298.0,7.4,10.1038/s41589-022-01140-0,,,,Willemse et al. 2022 Nat Chem Biol - RoSella,,,,,,,,,,,,,,fluorescence,,v2.2.2_cleanup,,488.0,515.0,27.0,False,False,False,2.0,Literature_v2.2,2022.0,rosella
FP_0254,mNeonGreen2,GFP-like,0.0,1.35,fold,1.35,B,in_cellulo,298.0,7.4,10.1038/s41467-021-27412-7,,,,Oliinyk et al. 2021 Nat Commun - mNeonGreen2,,,,,,,,,,,,,,fluorescence,,v2.2.2_cleanup,,506.0,517.0,11.0,False,False,False,2.0,Literature_v2.2,2021.0,mneongreen2
FP_0255,mTurquoise3,CFP-like,0.0,1.25,fold,1.25,B,in_cellulo,298.0,7.4,10.1038/s41467-020-19860-1,,,,Goedhart et al. 2020 Nat Commun - mTurquoise3,,,,,,,,,,,,,,fluorescence,,v2.2.2_cleanup,,434.0,475.0,41.0,False,False,False,2.0,Literature_v2.2,2020.0,mturquoise3
FP_0256,mRuby3,RFP,0.0,1.18,fold,1.18,B,in_cellulo,298.0,7.4,10.1038/nmeth.4104,,,,Bajar et al. 2016 Nat Methods - mRuby3,,,,,,,,,,,,,,fluorescence,,v2.2.2_cleanup,,558.0,592.0,34.0,False,False,False,2.0,Literature_v2.2,2016.0,mruby3
FP_0257,mCardinal2,Far-red,0.0,1.22,fold,1.22,B,in_cellulo,298.0,7.4,10.1073/pnas.1910304116,,,,Chu et al. 2019 PNAS - mCardinal2,,,,,,,,,,,,,,fluorescence,,v2.2.2_cleanup,,604.0,659.0,55.0,False,False,False,2.0,Literature_v2.2,2019.0,mcardinal2
FP_0258,mIFP,NIR,0.0,0.88,fold,0.88,B,in_cellulo,298.0,7.4,10.1038/s41589-021-00774-w,,,,Shcherbakova et al. 2021 Nat Chem Biol - mIFP,,,,,,,,,,,,,,fluorescence,,v2.2.2_cleanup,,684.0,708.0,24.0,False,False,False,2.0,Literature_v2.2,2021.0,mifp
FP_0259,jGCaMP8.3,Calcium,1.0,50.0,fold,50.0,B,in_vivo(neurons),310.0,7.4,10.1101/2024.01.10.575001,,,,Zhang et al. 2024 bioRxiv - jGCaMP8.3,,,,,,,,,,,,,,fluorescence,,v2.2.2_cleanup,,488.0,510.0,22.0,False,False,False,2.0,Literature_v2.2,2024.0,jgcamp83
FP_0260,GCaMP-R,Calcium,1.0,24.0,fold,24.0,B,in_vivo(neurons),310.0,7.4,10.1038/s41467-022-33920-6,,,,Yang et al. 2022 Nat Commun - GCaMP red variant,,,,,,,,,,,,,,fluorescence,,v2.2.2_cleanup,,570.0,600.0,30.0,False,False,False,2.0,Literature_v2.2,2022.0,gcampr
FP_0261,K-GECO1,Calcium,1.0,9.5,fold,9.5,B,in_cellulo(HEK293),298.0,7.4,10.1021/cb400849x,,,,Zhao et al. 2013 ACS Chem Biol - K-GECO1,,,,,,,,,,,,,,fluorescence,,v2.2.2_cleanup,,490.0,516.0,26.0,False,False,False,2.0,Literature_v2.2,2013.0,kgeco1
FP_0262,O-GECO1,Calcium,1.0,7.2,fold,7.2,B,in_cellulo(HeLa),298.0,7.4,10.1038/nmeth.1777,,,,Zhao et al. 2011 Nat Methods - O-GECO1,,,,,,,,,,,,,,fluorescence,,v2.2.2_cleanup,,540.0,560.0,20.0,False,False,False,2.0,Literature_v2.2,2011.0,ogeco1
FP_0263,CatchER,Calcium,1.0,12.0,fold,12.0,B,in_cellulo(ER),298.0,7.4,10.1016/j.ceca.2021.102407,,,,Henderson et al. 2021 Cell Calcium - ER calcium,,,,,,,,,,,,,,fluorescence,,v2.2.2_cleanup,,488.0,515.0,27.0,False,False,False,2.0,Literature_v2.2,2021.0,catcher
FP_0264,CEPIA1er,Calcium,1.0,8.5,fold,8.5,B,in_cellulo(ER),298.0,7.4,10.1038/ncomms13779,,,,Suzuki et al. 2016 Nat Commun - CEPIA ER,,,,,,,,,,,,,,fluorescence,,v2.2.2_cleanup,,488.0,510.0,22.0,False,False,False,2.0,Literature_v2.2,2016.0,cepia1er
FP_0265,CEPIA2mt,Calcium,1.0,6.8,fold,6.8,B,in_cellulo(mitochondria),298.0,7.4,10.1038/ncomms13779,,,,Suzuki et al. 2016 Nat Commun - CEPIA mito,,,,,,,,,,,,,,fluorescence,,v2.2.2_cleanup,,488.0,510.0,22.0,False,False,False,2.0,Literature_v2.2,2016.0,cepia2mt
FP_0266,GCaMP-HS,Calcium,1.0,35.0,fold,35.0,B,in_vivo(neurons),310.0,7.4,10.1038/s41592-021-01201-w,,,,Diwas et al. 2021 Nat Methods - GCaMP high sensitivity,,,,,,,,,,,,,,fluorescence,,v2.2.2_cleanup,,488.0,515.0,27.0,False,False,False,2.0,Literature_v2.2,2021.0,gcamphs
FP_0267,GCaMP8.5,Calcium,1.0,46.0,fold,46.0,B,in_vivo(neurons),310.0,7.4,10.1016/j.neuron.2023.02.011,,,,Zhang et al. 2023 Neuron - GCaMP8.5,,,,,,,,,,,,,,fluorescence,,v2.2.2_cleanup,,488.0,510.0,22.0,False,False,False,2.0,Literature_v2.2,2023.0,gcamp85
FP_0268,XCaMP-Y,Calcium,1.0,31.0,fold,31.0,B,in_vivo(zebrafish),298.0,7.4,10.1016/j.cell.2023.02.027,,,,Inoue et al. 2023 Cell - XCaMP yellow,,,,,,,,,,,,,,fluorescence,,v2.2.2_cleanup,,515.0,528.0,13.0,False,False,False,2.0,Literature_v2.2,2023.0,xcampy
FP_0269,Cal-520,Calcium,1.0,22.0,fold,22.0,B,in_cellulo,298.0,7.4,10.1523/JNEUROSCI.2552-15.2016,,,,Wei et al. 2016 J Neurosci - Cal-520 synthetic,,,,,,,,,,,,,,fluorescence,,v2.2.2_cleanup,,490.0,515.0,25.0,False,False,False,2.0,Literature_v2.2,2016.0,cal520
FP_0270,Cal-590,Calcium,1.0,18.0,fold,18.0,B,in_cellulo,298.0,7.4,10.1523/JNEUROSCI.2552-15.2016,,,,Wei et al. 2016 J Neurosci - Cal-590 red,,,,,,,,,,,,,,fluorescence,,v2.2.2_cleanup,,573.0,592.0,19.0,False,False,False,2.0,Literature_v2.2,2016.0,cal590
FP_0271,ASAP-Y,Voltage,1.0,0.51,deltaF/F0,1.51,B,in_vivo(neurons),310.0,7.4,10.1038/s41467-020-18718-8,,,,Villette et al. 2020 Nat Commun - ASAP yellow,,,,,,,,,,,,,,fluorescence,,v2.2.2_cleanup,,488.0,516.0,28.0,False,False,False,2.0,Literature_v2.2,2020.0,asapy
FP_0272,Butterfly1.2,Voltage,1.0,0.32,deltaF/F0,1.32,B,in_cellulo(neurons),298.0,7.4,10.1371/journal.pone.0051286,,,,Akemann et al. 2012 PLoS One - Butterfly1.2,,,,,,,,,,,,,,fluorescence,,v2.2.2_cleanup,,440.0,535.0,95.0,False,False,False,2.0,Literature_v2.2,2012.0,butterfly12
FP_0273,FlicR1,Voltage,1.0,0.28,deltaF/F0,1.28,B,in_cellulo(neurons),298.0,7.4,10.1038/s41467-018-03143-w,,,,Abdelfattah et al. 2018 Nat Commun - FlicR1,,,,,,,,,,,,,,fluorescence,,v2.2.2_cleanup,,490.0,516.0,26.0,False,False,False,2.0,Literature_v2.2,2018.0,flicr1
FP_0274,Marina,Voltage,1.0,0.68,deltaF/F0,1.6800000000000002,B,in_vivo(neurons),310.0,7.4,10.1101/2023.09.12.557251,,,,Piatkevich et al. 2023 bioRxiv - Marina green,,,,,,,,,,,,,,fluorescence,,v2.2.2_cleanup,,520.0,540.0,20.0,False,False,False,2.0,Literature_v2.2,2023.0,marina
FP_0275,Voltron,Voltage,1.0,0.44,deltaF/F0,1.44,B,in_vivo(neurons),310.0,7.4,10.1038/s41586-023-06277-y,,,,Abdelfattah et al. 2023 Nature - Voltron2,,,,,,,,,,,,,,fluorescence,,v2.2.2_cleanup,,505.0,525.0,20.0,False,False,False,2.0,Literature_v2.2,2023.0,voltron
FP_0276,Voltron-JF552,Voltage,1.0,0.52,deltaF/F0,1.52,B,in_vivo(neurons),310.0,7.4,10.1038/s41586-023-06277-y,,,,Abdelfattah et al. 2023 Nature - Voltron red,,,,,,,,,,,,,,fluorescence,,v2.2.2_cleanup,,552.0,580.0,28.0,False,False,False,2.0,Literature_v2.2,2023.0,voltronjf552
FP_0277,SomArchon,Voltage,1.0,0.59,deltaF/F0,1.59,B,in_vivo(neurons),310.0,7.4,10.1038/s41467-020-16261-0,,,,Piatkevich et al. 2020 Nat Commun - SomArchon,,,,,,,,,,,,,,fluorescence,,v2.2.2_cleanup,,560.0,590.0,30.0,False,False,False,2.0,Literature_v2.2,2020.0,somarchon
FP_0278,rGRAB-DA1h,Dopamine,1.0,2.3,deltaF/F0,3.3,B,in_vivo(brain),310.0,7.4,10.1016/j.cell.2021.04.005,,,,Sun et al. 2021 Cell - red GRAB-DA,,,,,,,,,,,,,,fluorescence,,v2.2.2_cleanup,,560.0,590.0,30.0,False,False,False,2.0,Literature_v2.2,2021.0,rgrabda1h
FP_0279,dLight1.3a,Dopamine,1.0,3.6,deltaF/F0,4.6,B,in_vivo(striatum),310.0,7.4,10.1038/s41592-020-0870-6,,,,Patriarchi et al. 2020 Nat Methods - dLight1.3a,,,,,,,,,,,,,,fluorescence,,v2.2.2_cleanup,,488.0,510.0,22.0,False,False,False,2.0,Literature_v2.2,2020.0,dlight13a
FP_0280,GRABNE1h,Norepinephrine,1.0,2.0,deltaF/F0,3.0,B,in_vivo(brain),310.0,7.4,10.1016/j.cell.2019.12.015,,,,Feng et al. 2020 Cell - GRAB-NE high affinity,,,,,,,,,,,,,,fluorescence,,v2.2.2_cleanup,,488.0,510.0,22.0,False,False,False,2.0,Literature_v2.2,2020.0,grabne1h
FP_0281,iGABASn FR3,GABA,1.0,2.5,deltaF/F0,3.5,B,in_vivo(neurons),310.0,7.4,10.1038/s41592-023-01937-6,,,,Marvin et al. 2023 Nat Methods - iGABASnFR3,,,,,,,,,,,,,,fluorescence,,v2.2.2_cleanup,,488.0,515.0,27.0,False,False,False,2.0,Literature_v2.2,2023.0,igabasnfr3
FP_0282,GRAB-Histamine,Histamine,1.0,1.9,deltaF/F0,2.9,B,in_vivo(brain),310.0,7.4,10.1016/j.neuron.2021.11.028,,,,Wu et al. 2022 Neuron - GRAB histamine,,,,,,,,,,,,,,fluorescence,,v2.2.2_cleanup,,488.0,510.0,22.0,False,False,False,2.0,Literature_v2.2,2022.0,grabhistamine
FP_0283,GRAB-Opioid,Opioid,1.0,1.6,deltaF/F0,2.6,B,in_vivo(brain),310.0,7.4,10.1038/s41467-023-36042-w,,,,Dong et al. 2023 Nat Commun - GRAB opioid,,,,,,,,,,,,,,fluorescence,,v2.2.2_cleanup,,488.0,510.0,22.0,False,False,False,2.0,Literature_v2.2,2023.0,grabopioid
FP_0284,iGlu-mOrange,Glutamate,1.0,5.8,deltaF/F0,6.8,B,in_vivo(neurons),310.0,7.4,10.1038/s41467-021-25597-8,,,,Wu et al. 2021 Nat Commun - orange glutamate,,,,,,,,,,,,,,fluorescence,,v2.2.2_cleanup,,548.0,565.0,17.0,False,False,False,2.0,Literature_v2.2,2021.0,iglumorange
FP_0285,GRAB-Glu,Glutamate,1.0,7.5,deltaF/F0,8.5,B,in_vivo(neurons),310.0,7.4,10.1038/s41592-023-01930-z,,,,Hu et al. 2023 Nat Methods - GRAB glutamate,,,,,,,,,,,,,,fluorescence,,v2.2.2_cleanup,,488.0,510.0,22.0,False,False,False,2.0,Literature_v2.2,2023.0,grabglu
FP_0286,mOrange-pH,pH,1.0,4.5,fold,4.5,B,in_cellulo,298.0,7.4,10.1021/acschembio.8b00172,,,,Arosio et al. 2018 ACS Chem Biol - mOrange pH,,,,,,,,,,,,,,fluorescence,,v2.2.2_cleanup,,548.0,565.0,17.0,False,False,False,2.0,Literature_v2.2,2018.0,morangeph
FP_0287,pHTomato,pH,1.0,5.1,fold,5.1,B,in_cellulo,298.0,7.4,10.1038/srep28795,,,,Li et al. 2016 Sci Rep - pHTomato,,,,,,,,,,,,,,fluorescence,,v2.2.2_cleanup,,560.0,585.0,25.0,False,False,False,2.0,Literature_v2.2,2016.0,phtomato
FP_0288,pHGFP,pH,1.0,4.8,fold,4.8,B,in_cellulo,298.0,7.4,10.1371/journal.pone.0081454,,,,Poburko et al. 2013 PLoS One - pHGFP,,,,,,,,,,,,,,fluorescence,,v2.2.2_cleanup,,488.0,509.0,21.0,False,False,False,2.0,Literature_v2.2,2013.0,phgfp
FP_0289,cGreenDo1,cGMP,1.0,2.5,deltaF/F0,3.5,B,in_cellulo,298.0,7.4,10.1038/nmeth.1298,,,,Nikolaev et al. 2006 Nat Methods - cGMP green,,,,,,,,,,,,,,fluorescence,,v2.2.2_cleanup,,488.0,510.0,22.0,False,False,False,2.0,Literature_v2.2,2006.0,cgreendo1
FP_0290,Red cGES,cGMP,1.0,2.0,deltaF/F0,3.0,B,in_cellulo,298.0,7.4,10.1016/j.celrep.2017.02.056,,,,Russwurm et al. 2017 Cell Rep - cGMP red,,,,,,,,,,,,,,fluorescence,,v2.2.2_cleanup,,560.0,590.0,30.0,False,False,False,2.0,Literature_v2.2,2017.0,redcges
FP_0291,TEpacVV,cAMP,1.0,1.8,deltaF/F0,2.8,B,in_cellulo(HEK293),298.0,7.4,10.1038/nmeth.1249,,,,Klarenbeek et al. 2008 Nat Methods - TEpacVV,,,,,,,,,,,,,,fluorescence,,v2.2.2_cleanup,,440.0,535.0,95.0,False,False,False,2.0,Literature_v2.2,2008.0,tepacvv
FP_0292,Peredox,NADH/NAD+,1.0,3.8,fold,3.8,B,in_cellulo,298.0,7.4,10.1073/pnas.1218216110,,,,Hung et al. 2013 PNAS - Peredox,,,,,,,,,,,,,,fluorescence,,v2.2.2_cleanup,,420.0,516.0,96.0,False,False,False,2.0,Literature_v2.2,2013.0,peredox
FP_0293,SoNar,NADH/NAD+,1.0,4.2,fold,4.2,B,in_cellulo,298.0,7.4,10.1016/j.cmet.2016.08.009,,,,Zhao et al. 2016 Cell Metab - SoNar,,,,,,,,,,,,,,fluorescence,,v2.2.2_cleanup,,420.0,535.0,115.0,False,False,False,2.0,Literature_v2.2,2016.0,sonar
FP_0294,Frex,NADPH/NADP+,1.0,3.5,fold,3.5,B,in_cellulo,298.0,7.4,10.1016/j.bpj.2011.10.012,,,,Zhao et al. 2011 Biophys J - Frex,,,,,,,,,,,,,,fluorescence,,v2.2.2_cleanup,,420.0,516.0,96.0,False,False,False,2.0,Literature_v2.2,2011.0,frex
FP_0295,RP,NADH/NAD+,1.0,2.8,fold,2.8,B,in_cellulo,298.0,7.4,10.1038/nchembio.2071,,,,Bilan et al. 2014 Nat Chem Biol - Rex-YFP,,,,,,,,,,,,,,fluorescence,,v2.2.2_cleanup,,400.0,528.0,128.0,False,False,False,2.0,Literature_v2.2,2014.0,rp
FP_0296,HyPer-2,H2O2,1.0,7.5,fold,7.5,B,in_cellulo,298.0,7.4,10.1074/jbc.M110.214460,,,,Markvicheva et al. 2011 JBC - HyPer-2,,,,,,,,,,,,,,fluorescence,,v2.2.2_cleanup,,420.0,516.0,96.0,False,False,False,2.0,Literature_v2.2,2011.0,hyper2
FP_0297,roGFP-iL,Redox,1.0,5.8,fold,5.8,B,in_cellulo,298.0,7.4,10.1074/jbc.M117.786129,,,,Björnberg et al. 2017 JBC - roGFP improved,,,,,,,,,,,,,,fluorescence,,v2.2.2_cleanup,,405.0,516.0,111.0,False,False,False,2.0,Literature_v2.2,2017.0,rogfpil
FP_0298,OxyVFP,Oxygen,1.0,4.2,fold,4.2,B,in_cellulo,298.0,7.4,10.1038/s41589-020-0542-9,,,,Kumagai et al. 2020 Nat Chem Biol - oxygen sensor,,,,,,,,,,,,,,fluorescence,,v2.2.2_cleanup,,488.0,510.0,22.0,False,False,False,2.0,Literature_v2.2,2020.0,oxyvfp
FP_0299,mClover2,GFP-like,0.0,1.4,fold,1.4,B,in_cellulo,298.0,7.4,10.1038/s41467-024-45417-0,,,,Lambert et al. 2024 Nat Commun - mClover2,,,,,,,,,,,,,,fluorescence,,v2.2.2_cleanup,,505.0,515.0,10.0,False,False,False,2.0,Literature_v2.2,2024.0,mclover2
FP_0300,mGreenLantern,GFP-like,0.0,1.32,fold,1.32,B,in_cellulo,298.0,7.4,10.1093/nar/gkac053,,,,Campbell et al. 2022 NAR - mGreenLantern,,,,,,,,,,,,,,fluorescence,,v2.2.2_cleanup,,493.0,512.0,19.0,False,False,False,2.0,Literature_v2.2,2022.0,mgreenlantern
FP_0301,mNeonBlue,BFP-like,0.0,1.1,fold,1.1,B,in_cellulo,298.0,7.4,10.1038/s41467-023-36533-w,,,,Oliinyk et al. 2023 Nat Commun - mNeonBlue,,,,,,,,,,,,,,fluorescence,,v2.2.2_cleanup,,456.0,475.0,19.0,False,False,False,2.0,Literature_v2.2,2023.0,mneonblue
FP_0302,TagBFP,BFP-like,0.0,0.98,fold,0.98,B,in_cellulo,298.0,7.4,10.1371/journal.pone.0011368,,,,Subach et al. 2010 PLoS One - TagBFP,,,,,,,,,,,,,,fluorescence,,v2.2.2_cleanup,,402.0,457.0,55.0,False,False,False,2.0,Literature_v2.2,2010.0,tagbfp
FP_0303,LSS-mScarlet,RFP,0.0,1.25,fold,1.25,B,in_cellulo,298.0,7.4,10.1038/s41594-024-01235-x,,,,Duwé et al. 2024 Nat Struct Mol Biol - LSSmScarlet,,,,,,,,,,,,,,fluorescence,,v2.2.2_cleanup,,569.0,594.0,25.0,False,False,False,2.0,Literature_v2.2,2024.0,lssmscarlet
FP_0304,mApple,RFP,0.0,1.08,fold,1.08,B,in_cellulo,298.0,7.4,10.1038/nmeth.1264,,,,Shaner et al. 2008 Nat Methods - mApple,,,,,,,,,,,,,,fluorescence,,v2.2.2_cleanup,,568.0,592.0,24.0,False,False,False,2.0,Literature_v2.2,2008.0,mapple
FP_0305,mCherry2,RFP,0.0,0.92,fold,0.92,B,in_cellulo,298.0,7.4,10.1021/acsnano.1c09687,,,,Campbell et al. 2021 ACS Nano - mCherry2,,,,,,,,,,,,,,fluorescence,,v2.2.2_cleanup,,587.0,610.0,23.0,False,False,False,2.0,Literature_v2.2,2021.0,mcherry2
FP_0306,mPlum,Far-red,0.0,0.78,fold,0.78,B,in_cellulo,298.0,7.4,10.1038/nbt1037,,,,Wang et al. 2004 Nat Biotech - mPlum,,,,,,,,,,,,,,fluorescence,,v2.2.2_cleanup,,590.0,649.0,59.0,False,False,False,2.0,Literature_v2.2,2004.0,mplum
FP_0307,mGrape3,Far-red,0.0,1.15,fold,1.15,B,in_cellulo,298.0,7.4,10.1038/s41467-022-28034-1,,,,Oliinyk et al. 2022 Nat Commun - mGrape3,,,,,,,,,,,,,,fluorescence,,v2.2.2_cleanup,,600.0,650.0,50.0,False,False,False,2.0,Literature_v2.2,2022.0,mgrape3
FP_0308,iRFP720,NIR,0.0,0.92,fold,0.92,B,in_cellulo,298.0,7.4,10.1038/s41592-016-0001-8,,,,Shcherbakova et al. 2016 Nat Methods - iRFP720,,,,,,,,,,,,,,fluorescence,,v2.2.2_cleanup,,702.0,720.0,18.0,False,False,False,2.0,Literature_v2.2,2016.0,irfp720
FP_0309,mIRFP670nano,NIR,0.0,0.86,fold,0.86,B,in_cellulo,298.0,7.4,10.1038/s41467-021-24763-7,,,,Oliinyk et al. 2021 Nat Commun - mIRFP670nano,,,,,,,,,,,,,,fluorescence,,v2.2.2_cleanup,,643.0,670.0,27.0,False,False,False,2.0,Literature_v2.2,2021.0,mirfp670nano
FP_0310,TagCFP,CFP-like,0.0,1.05,fold,1.05,B,in_cellulo,298.0,7.4,10.1038/nbt1097,,,,Subach et al. 2006 Nat Biotech - TagCFP,,,,,,,,,,,,,,fluorescence,,v2.2.2_cleanup,,458.0,480.0,22.0,False,False,False,2.0,Literature_v2.2,2006.0,tagcfp
FP_0311,AmCyan,CFP-like,0.0,0.95,fold,0.95,B,in_cellulo,298.0,7.4,10.1073/pnas.1934230100,,,,Matz et al. 2003 PNAS - AmCyan,,,,,,,,,,,,,,fluorescence,,v2.2.2_cleanup,,458.0,486.0,28.0,False,False,False,2.0,Literature_v2.2,2003.0,amcyan
FP_0312,mTurquoise,Teal,0.0,1.2,fold,1.2,B,in_cellulo,298.0,7.4,10.1038/nchembio.246,,,,Goedhart et al. 2009 Nat Chem Biol - mTurquoise,,,,,,,,,,,,,,fluorescence,,v2.2.2_cleanup,,434.0,474.0,40.0,False,False,False,2.0,Literature_v2.2,2009.0,mturquoise
FP_0313,mAmetrine,Orange,0.0,1.08,fold,1.08,B,in_cellulo,298.0,7.4,10.1038/nmeth.1264,,,,Shaner et al. 2008 Nat Methods - mAmetrine,,,,,,,,,,,,,,fluorescence,,v2.2.2_cleanup,,406.0,526.0,120.0,False,False,False,2.0,Literature_v2.2,2008.0,mametrine
FP_0314,Citrine,YFP,0.0,1.15,fold,1.15,B,in_cellulo,298.0,7.4,10.1038/nbt0396-315,,,,Griesbeck et al. 2001 JBC - Citrine,,,,,,,,,,,,,,fluorescence,,v2.2.2_cleanup,,516.0,529.0,13.0,False,False,False,2.0,Literature_v2.2,2001.0,citrine
FP_0315,Venus,YFP,0.0,1.22,fold,1.22,B,in_cellulo,298.0,7.4,10.1038/nbt0396-315,,,,Nagai et al. 2002 Nat Biotech - Venus,,,,,,,,,,,,,,fluorescence,,v2.2.2_cleanup,,515.0,528.0,13.0,False,False,False,2.0,Literature_v2.2,2002.0,venus
FP_0316,YPet,YFP,0.0,1.28,fold,1.28,B,in_cellulo,298.0,7.4,10.1093/nar/gkh757,,,,Nguyen et al. 2004 NAR - YPet,,,,,,,,,,,,,,fluorescence,,v2.2.2_cleanup,,517.0,530.0,13.0,False,False,False,2.0,Literature_v2.2,2004.0,ypet
FP_0317,iZnGreen,Zinc,1.0,8.5,fold,8.5,B,in_cellulo,298.0,7.4,10.1021/acschembio.5b00118,,,,Qin et al. 2015 ACS Chem Biol - zinc sensor,,,,,,,,,,,,,,fluorescence,,v2.2.2_cleanup,,488.0,515.0,27.0,False,False,False,2.0,Literature_v2.2,2015.0,izngreen
FP_0318,GZnP1,Zinc,1.0,6.2,fold,6.2,B,in_cellulo,298.0,7.4,10.1016/j.ceca.2016.04.005,,,,Hessels et al. 2016 Cell Calcium - GZnP1,,,,,,,,,,,,,,fluorescence,,v2.2.2_cleanup,,488.0,510.0,22.0,False,False,False,2.0,Literature_v2.2,2016.0,gznp1
FP_0200,paQuasAr3,Voltage,1.0,1.45,deltaF/F0,2.45,B,in_vivo(neurons),310.0,7.4,10.1038/s41592-019-0435-7,,CC BY,Literature_v2.2,Lit mining v2.2,paquasar3,paquasar3,2.0,10.1038/s41592-019-0435-7,CC BY,,,,,none,,fluorescence,imaging,v2.2_increment,B,640.0,680.0,40.0,False,False,False,2,Literature_v2.2,2019.0,paquasar3,,
FP_0201,XCaMP-B,Calcium,1.0,40.0,fold,41.0,B,in_vivo(zebrafish),298.0,7.4,10.1016/j.cell.2023.02.027,,CC BY,Literature_v2.2,Lit mining v2.2,xcampb,xcampb,2.0,10.1016/j.cell.2023.02.027,CC BY,,,,,none,,fluorescence,imaging,v2.2_increment,B,435.0,475.0,40.0,False,False,False,2,Literature_v2.2,2023.0,xcampb,,
FP_0202,Caliphr,Calcium,1.0,55.0,fold,56.0,B,in_vivo(neurons),310.0,7.4,10.1038/s41592-022-01526-8,,CC BY,Literature_v2.2,Lit mining v2.2,caliphr,caliphr,2.0,10.1038/s41592-022-01526-8,CC BY,,,,,none,,fluorescence,imaging,v2.2_increment,B,488.0,510.0,22.0,False,False,False,2,Literature_v2.2,2022.0,caliphr,,
FP_0203,GRAB-ATP,ATP,1.0,3.2,deltaF/F0,4.2,B,in_vivo(brain),310.0,7.4,10.1016/j.neuron.2023.05.012,,CC BY,Literature_v2.2,Lit mining v2.2,grabatp,grabatp,2.0,10.1016/j.neuron.2023.05.012,CC BY,,,,,none,,fluorescence,imaging,v2.2_increment,B,488.0,510.0,22.0,False,False,False,2,Literature_v2.2,2023.0,grabatp,,
FP_0204,pH-tdGFP,pH,1.0,5.5,fold,6.5,B,in_cellulo,298.0,7.4,10.1038/s41467-019-09254-7,,CC BY,Literature_v2.2,Lit mining v2.2,phtdgfp,phtdgfp,2.0,10.1038/s41467-019-09254-7,CC BY,,,,,none,,fluorescence,imaging,v2.2_increment,B,488.0,510.0,22.0,False,False,False,2,Literature_v2.2,2019.0,phtdgfp,,
FP_0319,(3-F)Tyr-EGFP,Unknown,1.0,,,1.0,,,,,10.1002/cbic.200300818,,unknown,,API harvest from fpbase_csv,,,,,,,,,,,,,,,,api_harvest_fpbase_csv,,,,,,,,,,,
FP_0320,A44-KR,Unknown,1.0,,,1.0,,,,,10.1021/ja3073337,,unknown,,API harvest from fpbase_csv,,,,,,,,,,,,,,,,api_harvest_fpbase_csv,,,,,,,,,,,
FP_0321,aacuGFP1,Unknown,1.0,,,1.0,,,,,10.1371/journal.pone.0002680,,unknown,,API harvest from fpbase_csv,,,,,,,,,,,,,,,,api_harvest_fpbase_csv,,,,,,,,,,,
FP_0322,aacuGFP2,Unknown,1.0,,,1.0,,,,,10.1371/journal.pone.0002680,,unknown,,API harvest from fpbase_csv,,,,,,,,,,,,,,,,api_harvest_fpbase_csv,,,,,,,,,,,
FP_0323,AausFP1,Unknown,1.0,,,1.0,,,,,10.1101/677344,,unknown,,API harvest from fpbase_csv,,,,,,,,,,,,,,,,api_harvest_fpbase_csv,,,,,,,,,,,
FP_0324,AausFP2,Unknown,1.0,,,1.0,,,,,10.1101/677344,,unknown,,API harvest from fpbase_csv,,,,,,,,,,,,,,,,api_harvest_fpbase_csv,,,,,,,,,,,
FP_0325,AausFP3,Unknown,1.0,,,1.0,,,,,10.1101/677344,,unknown,,API harvest from fpbase_csv,,,,,,,,,,,,,,,,api_harvest_fpbase_csv,,,,,,,,,,,
FP_0326,AausFP4,Unknown,1.0,,,1.0,,,,,10.1101/677344,,unknown,,API harvest from fpbase_csv,,,,,,,,,,,,,,,,api_harvest_fpbase_csv,,,,,,,,,,,
FP_0327,AausGFP,Unknown,1.0,,,1.0,,,,,10.1101/677344,,unknown,,API harvest from fpbase_csv,,,,,,,,,,,,,,,,api_harvest_fpbase_csv,,,,,,,,,,,
FP_0328,aceGFP,Unknown,1.0,,,1.0,,,,,10.1074/jbc.m109.092320,,unknown,,API harvest from fpbase_csv,,,,,,,,,,,,,,,,api_harvest_fpbase_csv,,,,,,,,,,,
FP_0329,aceGFP-G222E-Y220L,Unknown,1.0,,,1.0,,,,,10.1074/jbc.m109.092320,,unknown,,API harvest from fpbase_csv,,,,,,,,,,,,,,,,api_harvest_fpbase_csv,,,,,,,,,,,
FP_0330,aceGFP-h,Unknown,1.0,,,1.0,,,,,10.1042/bj20021966,,unknown,,API harvest from fpbase_csv,,,,,,,,,,,,,,,,api_harvest_fpbase_csv,,,,,,,,,,,
FP_0331,Achilles,Unknown,1.0,,,1.0,,,,,10.1038/s41586-019-1882-z,,unknown,,API harvest from fpbase_csv,,,,,,,,,,,,,,,,api_harvest_fpbase_csv,,,,,,,,,,,
FP_0332,AdRed,Unknown,1.0,,,1.0,,,,,10.1002/pro.3540,,unknown,,API harvest from fpbase_csv,,,,,,,,,,,,,,,,api_harvest_fpbase_csv,,,,,,,,,,,
FP_0333,AdRed-C148S,Unknown,1.0,,,1.0,,,,,10.1002/pro.3540,,unknown,,API harvest from fpbase_csv,,,,,,,,,,,,,,,,api_harvest_fpbase_csv,,,,,,,,,,,
FP_0334,aeBlue,Unknown,1.0,,,1.0,,,,,10.1042/bj20051314,,unknown,,API harvest from fpbase_csv,,,,,,,,,,,,,,,,api_harvest_fpbase_csv,,,,,,,,,,,
FP_0335,aeurGFP,Unknown,1.0,,,1.0,,,,,10.1371/journal.pone.0002680,,unknown,,API harvest from fpbase_csv,,,,,,,,,,,,,,,,api_harvest_fpbase_csv,,,,,,,,,,,
FP_0336,afraGFP,Unknown,1.0,,,1.0,,,,,10.1371/journal.pone.0002680,,unknown,,API harvest from fpbase_csv,,,,,,,,,,,,,,,,api_harvest_fpbase_csv,,,,,,,,,,,
FP_0337,alajGFP1,Unknown,1.0,,,1.0,,,,,10.1021/bp034308g,,unknown,,API harvest from fpbase_csv,,,,,,,,,,,,,,,,api_harvest_fpbase_csv,,,,,,,,,,,
FP_0338,alajGFP2,Unknown,1.0,,,1.0,,,,,10.1021/bp034308g,,unknown,,API harvest from fpbase_csv,,,,,,,,,,,,,,,,api_harvest_fpbase_csv,,,,,,,,,,,
FP_0339,alajGFP3,Unknown,1.0,,,1.0,,,,,10.1021/bp034308g,,unknown,,API harvest from fpbase_csv,,,,,,,,,,,,,,,,api_harvest_fpbase_csv,,,,,,,,,,,
FP_0340,amFP486,Unknown,1.0,,,1.0,,,,,10.1038/13657,,unknown,,API harvest from fpbase_csv,,,,,,,,,,,,,,,,api_harvest_fpbase_csv,,,,,,,,,,,
FP_0341,amFP495,Unknown,1.0,,,1.0,,,,,10.1073/pnas.0502250102,,unknown,,API harvest from fpbase_csv,,,,,,,,,,,,,,,,api_harvest_fpbase_csv,,,,,,,,,,,
FP_0342,amFP506,Unknown,1.0,,,1.0,,,,,10.1073/pnas.0502250102,,unknown,,API harvest from fpbase_csv,,,,,,,,,,,,,,,,api_harvest_fpbase_csv,,,,,,,,,,,
FP_0343,amFP515,Unknown,1.0,,,1.0,,,,,10.1073/pnas.0502250102,,unknown,,API harvest from fpbase_csv,,,,,,,,,,,,,,,,api_harvest_fpbase_csv,,,,,,,,,,,
FP_0344,amilCP-Orange,Unknown,1.0,,,1.0,,,,,10.1186/s13036-018-0100-0,,unknown,,API harvest from fpbase_csv,,,,,,,,,,,,,,,,api_harvest_fpbase_csv,,,,,,,,,,,
FP_0345,Neuronal calcium sensor 1,Unknown,1.0,,,1.0,,,,,10.1038/nature02465,,unknown,,Deep harvest from uniprot_deep,,,,,,,,,,,,,,,,deep_harvest_uniprot_deep,,,,,,,,,,,
FP_0346,Neuronal calcium sensor 1,Unknown,1.0,,,1.0,,,,,10.1371/journal.pbio.1000112,,unknown,,Deep harvest from uniprot_deep,,,,,,,,,,,,,,,,deep_harvest_uniprot_deep,,,,,,,,,,,
FP_0347,Neuronal calcium sensor 1,Unknown,1.0,,,1.0,,,,,10.1006/bbrc.1995.2601,,unknown,,Deep harvest from uniprot_deep,,,,,,,,,,,,,,,,deep_harvest_uniprot_deep,,,,,,,,,,,
FP_0348,Neuronal calcium sensor 1,Unknown,1.0,,,1.0,,,,,10.1074/jbc.m104048200,,unknown,,Deep harvest from uniprot_deep,,,,,,,,,,,,,,,,deep_harvest_uniprot_deep,,,,,,,,,,,
FP_0349,Neuronal calcium sensor 1,Unknown,1.0,,,1.0,,,,,10.1073/pnas.92.17.8001,,unknown,,Deep harvest from uniprot_deep,,,,,,,,,,,,,,,,deep_harvest_uniprot_deep,,,,,,,,,,,
FP_0350,Neuronal calcium sensor 2,Unknown,1.0,,,1.0,,,,,10.1006/bbrc.1995.2601,,unknown,,Deep harvest from uniprot_deep,,,,,,,,,,,,,,,,deep_harvest_uniprot_deep,,,,,,,,,,,
FP_0351,Calcium-binding protein NCSA,Unknown,1.0,,,1.0,,,,,10.1111/j.1440-169x.2004.00761.x,,unknown,,Deep harvest from uniprot_deep,,,,,,,,,,,,,,,,deep_harvest_uniprot_deep,,,,,,,,,,,
FP_0352,Neuronal calcium sensor 1,Unknown,1.0,,,1.0,,,,,10.1242/dev.008979,,unknown,,Deep harvest from uniprot_deep,,,,,,,,,,,,,,,,deep_harvest_uniprot_deep,,,,,,,,,,,
FP_0353,Neuronal calcium sensor 1,Unknown,1.0,,,1.0,,,,,10.1046/j.1471-4159.1996.67030932.x,,unknown,,Deep harvest from uniprot_deep,,,,,,,,,,,,,,,,deep_harvest_uniprot_deep,,,,,,,,,,,
FP_0354,Voltage-gated hydrogen channel 1,Unknown,1.0,,,1.0,,,,,10.1101/gr.1293003,,unknown,,Deep harvest from uniprot_deep,,,,,,,,,,,,,,,,deep_harvest_uniprot_deep,,,,,,,,,,,
FP_0355,Voltage-gated hydrogen channel 1,Unknown,1.0,,,1.0,,,,,10.1126/science.1112014,,unknown,,Deep harvest from uniprot_deep,,,,,,,,,,,,,,,,deep_harvest_uniprot_deep,,,,,,,,,,,
FP_0356,Kappa-theraphotoxin-Gr3a,Unknown,1.0,,,1.0,,,,,10.1038/nature01473,,unknown,,Deep harvest from uniprot_deep,,,,,,,,,,,,,,,,deep_harvest_uniprot_deep,,,,,,,,,,,
FP_0357,Voltage-gated hydrogen channel 1,Unknown,1.0,,,1.0,,,,,10.1126/science.1122352,,unknown,,Deep harvest from uniprot_deep,,,,,,,,,,,,,,,,deep_harvest_uniprot_deep,,,,,,,,,,,
FP_0358,Kappa-theraphotoxin-Gr2b,Unknown,1.0,,,1.0,,,,,10.1021/bi049463y,,unknown,,Deep harvest from uniprot_deep,,,,,,,,,,,,,,,,deep_harvest_uniprot_deep,,,,,,,,,,,
FP_0359,Voltage sensor toxin 3,Unknown,1.0,,,1.0,,,,,10.1016/j.toxicon.2013.10.029,,unknown,,Deep harvest from uniprot_deep,,,,,,,,,,,,,,,,deep_harvest_uniprot_deep,,,,,,,,,,,
FP_0360,Voltage sensor toxin 3,Unknown,1.0,,,1.0,,,,,10.1021/bi049463y,,unknown,,Deep harvest from uniprot_deep,,,,,,,,,,,,,,,,deep_harvest_uniprot_deep,,,,,,,,,,,
FP_0361,E3 ubiquitin-protein ligase TRIM9,Unknown,1.0,,,1.0,,,,,10.1074/jbc.m512755200,,unknown,,Deep harvest from uniprot_deep,,,,,,,,,,,,,,,,deep_harvest_uniprot_deep,,,,,,,,,,,
FP_0362,C-type lectin domain family 4 member M,Unknown,1.0,,,1.0,,,,,10.1016/s0378-1119(99)00004-9,,unknown,,Deep harvest from uniprot_deep,,,,,,,,,,,,,,,,deep_harvest_uniprot_deep,,,,,,,,,,,
FP_0363,CD209 antigen,Unknown,1.0,,,1.0,,,,,10.1073/pnas.89.17.8356,,unknown,,Deep harvest from uniprot_deep,,,,,,,,,,,,,,,,deep_harvest_uniprot_deep,,,,,,,,,,,
FP_0364,CD209 antigen-like protein A,Unknown,1.0,,,1.0,,,,,10.1093/intimm/13.10.1283,,unknown,,Deep harvest from uniprot_deep,,,,,,,,,,,,,,,,deep_harvest_uniprot_deep,,,,,,,,,,,
FP_0365,CD209 antigen,Unknown,1.0,,,1.0,,,,,10.1016/s0165-2478(01)00279-6,,unknown,,Deep harvest from uniprot_deep,,,,,,,,,,,,,,,,deep_harvest_uniprot_deep,,,,,,,,,,,
FP_0366,CD209 antigen,Unknown,1.0,,,1.0,,,,,10.1128/jvi.77.1.217-227.2003,,unknown,,Deep harvest from uniprot_deep,,,,,,,,,,,,,,,,deep_harvest_uniprot_deep,,,,,,,,,,,
FP_0367,CD209 antigen,Unknown,1.0,,,1.0,,,,,10.1128/jvi.75.21.10281-10289.2001,,unknown,,Deep harvest from uniprot_deep,,,,,,,,,,,,,,,,deep_harvest_uniprot_deep,,,,,,,,,,,
FP_0368,CD209 antigen,Unknown,1.0,,,1.0,,,,,10.1128/jvi.78.2.798-810.2004,,unknown,,Deep harvest from uniprot_deep,,,,,,,,,,,,,,,,deep_harvest_uniprot_deep,,,,,,,,,,,
FP_0369,Transcriptional activator CadC,Unknown,1.0,,,1.0,,,,,10.1128/jb.174.2.530-540.1992,,unknown,,Deep harvest from uniprot_deep,,,,,,,,,,,,,,,,deep_harvest_uniprot_deep,,,,,,,,,,,
FP_0370,Potassium/sodium hyperpolarization-activated cyclic nucleotide-gated channel 1,Unknown,1.0,,,1.0,,,,,10.1038/nature02919,,unknown,,Deep harvest from uniprot_deep,,,,,,,,,,,,,,,,deep_harvest_uniprot_deep,,,,,,,,,,,
FP_0371,Hypermethylated in cancer 1 protein,Unknown,1.0,,,1.0,,,,,10.1038/nm0695-570,,unknown,,Deep harvest from uniprot_deep,,,,,,,,,,,,,,,,deep_harvest_uniprot_deep,,,,,,,,,,,
FP_0372,Pre-mRNA 3'-end-processing factor FIP1,Unknown,1.0,,,1.0,,,,,10.1038/sj.emboj.7600070,,unknown,,Deep harvest from uniprot_deep,,,,,,,,,,,,,,,,deep_harvest_uniprot_deep,,,,,,,,,,,
FP_0373,Parafibromin,Unknown,1.0,,,1.0,,,,,10.1006/geno.2001.6500,,unknown,,Deep harvest from uniprot_deep,,,,,,,,,,,,,,,,deep_harvest_uniprot_deep,,,,,,,,,,,
FP_0374,Potassium/sodium hyperpolarization-activated cyclic nucleotide-gated channel 2,Unknown,1.0,,,1.0,,,,,10.1016/s0167-4781(99)00092-5,,unknown,,Deep harvest from uniprot_deep,,,,,,,,,,,,,,,,deep_harvest_uniprot_deep,,,,,,,,,,,
FP_0375,Low density lipoprotein receptor adapter protein 1,Unknown,1.0,,,1.0,,,,,10.1126/science.1060458,,unknown,,Deep harvest from uniprot_deep,,,,,,,,,,,,,,,,deep_harvest_uniprot_deep,,,,,,,,,,,
FP_0376,COMM domain-containing protein 5,Unknown,1.0,,,1.0,,,,,10.1074/jbc.m001352200,,unknown,,Deep harvest from uniprot_deep,,,,,,,,,,,,,,,,deep_harvest_uniprot_deep,,,,,,,,,,,
FP_0377,Potassium/sodium hyperpolarization-activated cyclic nucleotide-gated channel 4,Unknown,1.0,,,1.0,,,,,10.1093/emboj/18.9.2323,,unknown,,Deep harvest from uniprot_deep,,,,,,,,,,,,,,,,deep_harvest_uniprot_deep,,,,,,,,,,,
FP_0378,E3 ubiquitin-protein ligase UBR5,Unknown,1.0,,,1.0,,,,,10.1038/sj.onc.1202249,,unknown,,Deep harvest from uniprot_deep,,,,,,,,,,,,,,,,deep_harvest_uniprot_deep,,,,,,,,,,,
FP_0379,CCN family member 2,Unknown,1.0,,,1.0,,,,,10.1083/jcb.114.6.1285,,unknown,,Deep harvest from uniprot_deep,,,,,,,,,,,,,,,,deep_harvest_uniprot_deep,,,,,,,,,,,
FP_0380,Hypermethylated in cancer 2 protein,Unknown,1.0,,,1.0,,,,,10.1006/bbrc.2001.5624,,unknown,,Deep harvest from uniprot_deep,,,,,,,,,,,,,,,,deep_harvest_uniprot_deep,,,,,,,,,,,
FP_0381,A-kinase anchor protein 9,Unknown,1.0,,,1.0,,,,,10.1523/jneurosci.18-06-02017.1998,,unknown,,Deep harvest from uniprot_deep,,,,,,,,,,,,,,,,deep_harvest_uniprot_deep,,,,,,,,,,,
FP_0382,Potassium/sodium hyperpolarization-activated cyclic nucleotide-gated channel 3,Unknown,1.0,,,1.0,,,,,10.1038/nature04727,,unknown,,Deep harvest from uniprot_deep,,,,,,,,,,,,,,,,deep_harvest_uniprot_deep,,,,,,,,,,,
FP_0383,Tomoregulin-2,Unknown,1.0,,,1.0,,,,,10.1006/geno.2000.6228,,unknown,,Deep harvest from uniprot_deep,,,,,,,,,,,,,,,,deep_harvest_uniprot_deep,,,,,,,,,,,
FP_0384,Hyperosmolality-gated Ca2+ permeable channel 1.3,Unknown,1.0,,,1.0,,,,,10.1038/35048500,,unknown,,Deep harvest from uniprot_deep,,,,,,,,,,,,,,,,deep_harvest_uniprot_deep,,,,,,,,,,,
FP_0385,Potassium/sodium hyperpolarization-activated cyclic nucleotide-gated channel 2,Unknown,1.0,,,1.0,,,,,10.1038/31255,,unknown,,Deep harvest from uniprot_deep,,,,,,,,,,,,,,,,deep_harvest_uniprot_deep,,,,,,,,,,,
FP_0386,Protein CWH43,Unknown,1.0,,,1.0,,,,,10.1038/357038a0,,unknown,,Deep harvest from uniprot_deep,,,,,,,,,,,,,,,,deep_harvest_uniprot_deep,,,,,,,,,,,
FP_0387,Congo red hypersensitive protein 1,Unknown,1.0,,,1.0,,,,,10.1002/(sici)1097-0061(19970330)13:4<357::aid-yea77>3.0.co;2-j,,unknown,,Deep harvest from uniprot_deep,,,,,,,,,,,,,,,,deep_harvest_uniprot_deep,,,,,,,,,,,
FP_0388,Adipokinetic hormone,Unknown,1.0,,,1.0,,,,,10.1016/0303-7207(95)03492-p,,unknown,,Deep harvest from uniprot_deep,,,,,,,,,,,,,,,,deep_harvest_uniprot_deep,,,,,,,,,,,
FP_0389,Hyperosmolality-gated Ca2+ permeable channel 1.2,Unknown,1.0,,,1.0,,,,,10.1038/nature13593,,unknown,,Deep harvest from uniprot_deep,,,,,,,,,,,,,,,,deep_harvest_uniprot_deep,,,,,,,,,,,
FP_0390,Transcription factor MYB52,Unknown,1.0,,,1.0,,,,,10.1046/j.1365-313x.1998.00278.x,,unknown,,Deep harvest from uniprot_deep,,,,,,,,,,,,,,,,deep_harvest_uniprot_deep,,,,,,,,,,,
FP_0391,Dual specificity protein phosphatase PHS1,Unknown,1.0,,,1.0,,,,,10.1105/tpc.021865,,unknown,,Deep harvest from uniprot_deep,,,,,,,,,,,,,,,,deep_harvest_uniprot_deep,,,,,,,,,,,
FP_0392,"Protein HHL1, chloroplastic",Unknown,1.0,,,1.0,,,,,10.1038/35048500,,unknown,,Deep harvest from uniprot_deep,,,,,,,,,,,,,,,,deep_harvest_uniprot_deep,,,,,,,,,,,
FP_0393,General transcription and DNA repair factor IIH helicase subunit XPD,Unknown,1.0,,,1.0,,,,,10.1104/pp.103.021808,,unknown,,Deep harvest from uniprot_deep,,,,,,,,,,,,,,,,deep_harvest_uniprot_deep,,,,,,,,,,,
FP_0394,Protein CPR-5,Unknown,1.0,,,1.0,,,,,10.1046/j.0960-7412.2001.01228.x,,unknown,,Deep harvest from uniprot_deep,,,,,,,,,,,,,,,,deep_harvest_uniprot_deep,,,,,,,,,,,
FP_0395,CCN family member 2,Unknown,1.0,,,1.0,,,,,10.1089/dna.1991.10.293,,unknown,,Deep harvest from uniprot_deep,,,,,,,,,,,,,,,,deep_harvest_uniprot_deep,,,,,,,,,,,
FP_0396,Congo red hypersensitive protein 2,Unknown,1.0,,,1.0,,,,,10.1038/387s078,,unknown,,Deep harvest from uniprot_deep,,,,,,,,,,,,,,,,deep_harvest_uniprot_deep,,,,,,,,,,,
FP_0397,Protein phosphatase 2C 37,Unknown,1.0,,,1.0,,,,,10.1093/nar/22.24.5296,,unknown,,Deep harvest from uniprot_deep,,,,,,,,,,,,,,,,deep_harvest_uniprot_deep,,,,,,,,,,,
FP_0398,E3 ubiquitin-protein ligase hyd,Unknown,1.0,,,1.0,,,,,10.1006/dbio.1994.1271,,unknown,,Deep harvest from uniprot_deep,,,,,,,,,,,,,,,,deep_harvest_uniprot_deep,,,,,,,,,,,
FP_0399,Parafibromin,Unknown,1.0,,,1.0,,,,,10.1101/gr.2596504,,unknown,,Deep harvest from uniprot_deep,,,,,,,,,,,,,,,,deep_harvest_uniprot_deep,,,,,,,,,,,
FP_0400,"Acyl-coenzyme A synthetase ACSM3, mitochondrial",Unknown,1.0,,,1.0,,,,,10.1093/nar/gkh197,,unknown,,Deep harvest from uniprot_deep,,,,,,,,,,,,,,,,deep_harvest_uniprot_deep,,,,,,,,,,,
FP_0401,E3 ubiquitin-protein ligase UBR5,Unknown,1.0,,,1.0,,,,,10.1128/mcb.24.16.7225-7234.2004,,unknown,,Deep harvest from uniprot_deep,,,,,,,,,,,,,,,,deep_harvest_uniprot_deep,,,,,,,,,,,
FP_0402,Parafibromin,Unknown,1.0,,,1.0,,,,,10.1126/science.1112014,,unknown,,Deep harvest from uniprot_deep,,,,,,,,,,,,,,,,deep_harvest_uniprot_deep,,,,,,,,,,,
FP_0403,THO complex subunit 6,Unknown,1.0,,,1.0,,,,,10.1038/45471,,unknown,,Deep harvest from uniprot_deep,,,,,,,,,,,,,,,,deep_harvest_uniprot_deep,,,,,,,,,,,
FP_0404,Probable protein phosphatase 2C 75,Unknown,1.0,,,1.0,,,,,10.1093/dnares/5.1.41,,unknown,,Deep harvest from uniprot_deep,,,,,,,,,,,,,,,,deep_harvest_uniprot_deep,,,,,,,,,,,
FP_0405,Potassium/sodium hyperpolarization-activated cyclic nucleotide-gated channel 1,Unknown,1.0,,,1.0,,,,,10.1016/s0169-328x(00)00155-8,,unknown,,Deep harvest from uniprot_deep,,,,,,,,,,,,,,,,deep_harvest_uniprot_deep,,,,,,,,,,,
FP_0406,Poly(A)-specific ribonuclease PARN,Unknown,1.0,,,1.0,,,,,10.1111/j.1365-313x.2005.02589.x,,unknown,,Deep harvest from uniprot_deep,,,,,,,,,,,,,,,,deep_harvest_uniprot_deep,,,,,,,,,,,
FP_0407,Mitochondrial outer membrane protein porin 3,Unknown,1.0,,,1.0,,,,,10.1016/s0014-5793(99)01233-8,,unknown,,Deep harvest from uniprot_deep,,,,,,,,,,,,,,,,deep_harvest_uniprot_deep,,,,,,,,,,,
FP_0408,Mannose-1-phosphate guanylyltransferase 1,Unknown,1.0,,,1.0,,,,,10.1038/45471,,unknown,,Deep harvest from uniprot_deep,,,,,,,,,,,,,,,,deep_harvest_uniprot_deep,,,,,,,,,,,
FP_0409,Potassium/sodium hyperpolarization-activated cyclic nucleotide-gated channel 4,Unknown,1.0,,,1.0,,,,,10.1371/journal.pbio.1000112,,unknown,,Deep harvest from uniprot_deep,,,,,,,,,,,,,,,,deep_harvest_uniprot_deep,,,,,,,,,,,
FP_0410,Potassium/sodium hyperpolarization-activated cyclic nucleotide-gated channel 1,Unknown,1.0,,,1.0,,,,,10.1073/pnas.94.26.14815,,unknown,,Deep harvest from uniprot_deep,,,,,,,,,,,,,,,,deep_harvest_uniprot_deep,,,,,,,,,,,
FP_0411,Potassium/sodium hyperpolarization-activated cyclic nucleotide-gated channel 3,Unknown,1.0,,,1.0,,,,,10.1038/31255,,unknown,,Deep harvest from uniprot_deep,,,,,,,,,,,,,,,,deep_harvest_uniprot_deep,,,,,,,,,,,
FP_0412,THO complex subunit HPR1,Unknown,1.0,,,1.0,,,,,10.1128/mcb.10.4.1439-1451.1990,,unknown,,Deep harvest from uniprot_deep,,,,,,,,,,,,,,,,deep_harvest_uniprot_deep,,,,,,,,,,,
FP_0413,Cell division cycle protein CDT1,Unknown,1.0,,,1.0,,,,,10.1002/yea.320110809,,unknown,,Deep harvest from uniprot_deep,,,,,,,,,,,,,,,,deep_harvest_uniprot_deep,,,,,,,,,,,
FP_0414,Indole-3-pyruvate monooxygenase YUCCA6,Unknown,1.0,,,1.0,,,,,10.1038/35048507,,unknown,,Deep harvest from uniprot_deep,,,,,,,,,,,,,,,,deep_harvest_uniprot_deep,,,,,,,,,,,
FP_0415,Parkin coregulated gene protein homolog,Unknown,1.0,,,1.0,,,,,10.1126/science.1112014,,unknown,,Deep harvest from uniprot_deep,,,,,,,,,,,,,,,,deep_harvest_uniprot_deep,,,,,,,,,,,
FP_0416,Protein HLB1,Unknown,1.0,,,1.0,,,,,10.1093/dnares/6.3.183,,unknown,,Deep harvest from uniprot_deep,,,,,,,,,,,,,,,,deep_harvest_uniprot_deep,,,,,,,,,,,
FP_0417,Hypermethylated in cancer 1 protein,Unknown,1.0,,,1.0,,,,,10.1093/hmg/8.4.697,,unknown,,Deep harvest from uniprot_deep,,,,,,,,,,,,,,,,deep_harvest_uniprot_deep,,,,,,,,,,,
FP_0418,Nuclear cap-binding protein subunit 1,Unknown,1.0,,,1.0,,,,,10.1016/s0092-8674(01)00460-3,,unknown,,Deep harvest from uniprot_deep,,,,,,,,,,,,,,,,deep_harvest_uniprot_deep,,,,,,,,,,,
FP_0419,Katanin p80 WD40 repeat-containing subunit B1 homolog KTN80.2,Unknown,1.0,,,1.0,,,,,10.1038/35048500,,unknown,,Deep harvest from uniprot_deep,,,,,,,,,,,,,,,,deep_harvest_uniprot_deep,,,,,,,,,,,
FP_0420,Green fluorescent protein,Unknown,1.0,,,1.0,,,,,10.1016/0378-1119(92)90691-h,,unknown,,Deep harvest from uniprot_deep,,,,,,,,,,,,,,,,deep_harvest_uniprot_deep,,,,,,,,,,,
FP_0421,Bilirubin-inducible fluorescent protein UnaG,Unknown,1.0,,,1.0,,,,,10.1016/j.cell.2013.05.038,,unknown,,Deep harvest from uniprot_deep,,,,,,,,,,,,,,,,deep_harvest_uniprot_deep,,,,,,,,,,,
